,count,wins,winsPerRace,meanOdds,oddsTotal
Scarlet Knight,3972,319,0.08031218529707956,28.063444108761328,111468
Love You,3528,490,0.1388888888888889,21.211451247165535,74834
Zola Boko,3167,288,0.09093779602147142,23.538364382696557,74546
Orlando Vici,3017,327,0.10838581372224064,23.833278090818695,71905
Viesker,2898,355,0.12249827467218771,27.70186335403727,80280
Maharajah,2801,438,0.15637272402713318,16.836129953588003,47158
Liising,2673,262,0.09801720912832024,25.1208380097269,67148
Dream Vacation,2671,260,0.09734181954324223,27.150879820292026,72520
Andover Andover,2600,159,0.061153846153846156,35.370384615384616,91963
From Above,2478,255,0.10290556900726393,25.225181598062953,62508
Super Photo Kosmos,2439,166,0.06806068060680606,32.99507995079951,80475
Make it Happen,2158,189,0.08758109360519,29.92817423540315,64585
S.J.'s Caviar,2097,330,0.15736766809728184,19.059132093466857,39967
Quite Easy U.S.,2090,188,0.08995215311004785,26.673684210526314,55748
Muscle Hill,1971,379,0.19228817858954844,14.010147133434804,27614
Järvsöfaks,1901,194,0.1020515518148343,28.03682272488164,53298
Ready Cash,1839,352,0.1914083741163676,14.137030995106036,25998
Classic Photo* (US),1777,160,0.09003939223410241,30.889701744513225,54891
Quite Easy* (US),1771,198,0.11180124223602485,23.678147939017503,41934
Pastor Stephen,1733,188,0.10848240046162723,27.683208309290247,47975
Juliano Star,1730,125,0.07225433526011561,31.216184971098265,54004
Moe Odin,1681,150,0.08923259964306961,30.05116002379536,50516
Citation Lindy* (US),1601,169,0.10555902560899438,25.74953154278576,41225
Raja Mirchi,1552,240,0.15463917525773196,18.75708762886598,29111
Infinitif,1536,166,0.10807291666666667,23.764322916666668,36502
Järvsöviking,1522,116,0.07621550591327202,31.23850197109067,47545
Love You* (FR),1516,202,0.13324538258575197,23.826517150395777,36121
Going Kronos,1486,187,0.12584118438761777,20.954239569313593,31138
Gift Kronos,1485,119,0.08013468013468013,30.231649831649833,44894
Andover Hall* (US),1433,195,0.1360781577110956,22.527564549895324,32282
Pine Chip,1330,106,0.07969924812030076,29.583458646616542,39346
Turbo Sund,1297,91,0.07016191210485737,32.89899768696993,42670
Yankee Glide,1272,140,0.11006289308176101,24.566037735849058,31248
Rite On Line,1246,59,0.04735152487961477,37.463081861958266,46679
Cantab Hall,1231,148,0.12022745735174654,22.50528025995126,27704
Symphonic Hanover,1222,121,0.09901800327332243,28.131751227495908,34377
Enjoy Lavec,1200,89,0.07416666666666667,32.41833333333334,38902
Mr Pine Chip,1199,56,0.04670558798999166,39.20183486238532,47003
Erikasson,1194,88,0.07370184254606366,29.081239530988274,34723
Order By Fax,1183,68,0.057480980557903634,40.30177514792899,47677
Bork Odin,1168,175,0.14982876712328766,20.163527397260275,23551
Up Front Larry,1165,82,0.0703862660944206,38.03776824034335,44314
Andover Hall,1161,164,0.14125753660637383,22.377260981912144,25980
Like A Prayer* (US),1139,103,0.09043020193151888,27.06935908691835,30832
Prodigious,1134,142,0.12522045855379188,24.92063492063492,28260
Joke Face,1126,116,0.10301953818827708,17.80284191829485,20046
Judge Joe,1125,98,0.08711111111111111,28.92711111111111,32543
Ken Warkentin,1120,132,0.11785714285714285,25.423214285714284,28474
Joihuri,1101,95,0.08628519527702089,29.283378746594007,32241
Sipori,1083,117,0.10803324099722991,25.385964912280702,27493
Amour Ami* (US),1073,103,0.09599254426840634,28.52283317800559,30605
Holiday Credit* (US),1050,93,0.08857142857142856,27.663809523809523,29047
Turo,1048,85,0.08110687022900763,32.463740458015266,34022
Triton Sund,1017,89,0.08751229105211406,33.36873156342183,33936
Text Me,1004,67,0.06673306772908366,34.66235059760956,34801
Pilgrims Taj* (US),1003,120,0.11964107676969092,23.284147557328016,23354
Super Arnie,986,42,0.04259634888438134,39.92089249492901,39362
Adrian Chip,981,94,0.09582059123343527,24.82059123343527,24349
A.T. Eko,980,58,0.05918367346938776,34.022448979591836,33342
Apassi,977,82,0.08393039918116683,33.493346980552715,32723
Donato Hanover,952,153,0.16071428571428573,20.18487394957983,19216
Chocolatier,951,144,0.15141955835962145,19.368033648790746,18419
Tag The Devil* (US),951,62,0.06519453207150368,34.472134595162984,32783
Dream Vacation* (US),925,85,0.0918918918918919,27.944864864864865,25849
S.J.'s Photo* (US),918,108,0.11764705882352941,26.49782135076253,24325
Varenne,911,125,0.13721185510428102,18.478594950603732,16834
Valtraus,910,107,0.11758241758241758,28.476923076923075,25914
Revenue,908,79,0.08700440528634361,28.088105726872246,25504
Classic Response* (US),893,77,0.08622620380739082,35.93840985442329,32093
Conway Hall,892,79,0.08856502242152467,26.943946188340806,24034
Jaded,864,94,0.1087962962962963,24.988425925925927,21590
E L Mikko* (CA),858,71,0.08275058275058275,27.98018648018648,24007
Cameron,849,68,0.0800942285041225,26.421672555948174,22432
Kiss Francais,824,64,0.07766990291262135,31.33859223300971,25823
Marion Mad Money,820,45,0.054878048780487805,38.71463414634146,31746
Express It* (US),814,65,0.07985257985257985,34.64496314496314,28201
Mythical Lindy,784,74,0.09438775510204081,27.036989795918366,21197
Weingartner,764,75,0.09816753926701571,29.022251308900522,22173
Zerberus,763,28,0.03669724770642202,42.528178243774576,32449
Classic Photo,761,79,0.1038107752956636,25.505913272010513,19410
Diesel Don* (US),750,53,0.07066666666666667,34.45066666666666,25838
So Perfect,745,81,0.1087248322147651,30.032214765100672,22374
Orlando Vici* (FR),741,77,0.1039136302294197,26.128205128205128,19361
Credit Winner,736,82,0.11141304347826086,23.88179347826087,17577
Fast Photo,709,34,0.047954866008462625,39.936530324400564,28315
Olimede,708,38,0.05367231638418079,36.779661016949156,26040
Jocose,702,56,0.07977207977207977,26.33190883190883,18485
Explosive Matter,697,89,0.12769010043041606,21.020086083213773,14651
Nu Pagadi,696,78,0.11206896551724138,23.396551724137932,16284
Tuisku-Topi,687,73,0.10625909752547306,25.71324599708879,17665
Muscles Yankee,686,72,0.10495626822157435,26.190962099125365,17967
Ture,683,77,0.11273792093704246,22.027818448023424,15045
Uptown Yankee,681,40,0.05873715124816446,35.40381791483113,24110
Intoxicated,681,55,0.08076358296622614,34.98237885462555,23823
Tutuari,681,65,0.09544787077826726,27.854625550660792,18969
S.J.'s Caviar* (US),677,122,0.18020679468242246,19.800590841949777,13405
I.P. Lento,676,57,0.08431952662721894,28.718934911242602,19414
Mr Pine Chip* (US),675,59,0.0874074074074074,30.475555555555555,20571
Lome Kongen,666,42,0.06306306306306306,33.24024024024024,22138
Zola Boko* (SE),659,93,0.1411229135053111,24.78907435508346,16336
Tekno Odin,657,107,0.1628614916286149,15.520547945205479,10197
Crazed,657,64,0.0974124809741248,23.98021308980213,15755
Flirtin Man,656,27,0.041158536585365856,39.521341463414636,25926
Lome Elden,654,68,0.10397553516819572,33.469418960244646,21889
Lexus Font* (IT),652,86,0.13190184049079753,27.273006134969325,17782
Make It Happen* (US),644,58,0.09006211180124224,31.540372670807454,20312
Revenue* (SE),634,80,0.12618296529968454,26.569400630914828,16845
S.J.'s Photo,621,61,0.09822866344605476,26.022544283413847,16160
Le Monteil* (FR),617,94,0.15235008103727715,25.60291734197731,15797
Lavec Kronos,609,62,0.10180623973727422,20.09688013136289,12239
Offshore Dream,578,42,0.0726643598615917,34.465397923875436,19921
Conway Hall* (US),578,67,0.11591695501730104,26.62629757785467,15390
Spikeld,570,42,0.07368421052631578,35.30350877192983,20123
Ever To Excel* (US),566,43,0.07597173144876325,30.7773851590106,17420
Quevert,550,37,0.06727272727272728,31.578181818181818,17368
Conny Nobell,545,51,0.09357798165137615,29.027522935779817,15820
Celebrity Secret,534,51,0.09550561797752809,26.47940074906367,14140
Gidde Palema,534,9,0.016853932584269662,52.71722846441948,28151
The Bosses Lindy* (US),526,91,0.17300380228136883,20.880228136882128,10983
Archduke Kemp* (SE),524,59,0.11259541984732824,34.06488549618321,17850
Lindy Lane,519,34,0.06551059730250482,32.52023121387283,16878
Brioni,518,51,0.09845559845559845,28.635135135135137,14833
One too Many,513,58,0.11306042884990253,27.816764132553605,14270
Muscle Massive,513,72,0.14035087719298245,19.682261208577,10097
Adams Hall,512,19,0.037109375,42.1484375,21580
Jailhouse Joey* (US),510,31,0.060784313725490195,44.44117647058823,22665
Lars,509,58,0.11394891944990176,27.11591355599214,13802
Anderberg* (US),509,34,0.06679764243614932,34.13752455795678,17376
Muscles Yankee* (US),508,34,0.06692913385826772,28.580708661417322,14519
Tangen Scott,508,29,0.05708661417322835,28.261811023622048,14357
Klack Jo,508,47,0.09251968503937008,29.003937007874015,14734
Racer Bourbon,506,44,0.08695652173913043,32.43478260869565,16412
Gigant Neo,505,29,0.05742574257425743,33.78415841584158,17061
Capetown Hall* (US),505,37,0.07326732673267326,36.97821782178218,18674
Donerail* (US),502,23,0.045816733067729085,38.08565737051793,19119
Skogans Joker,498,46,0.09236947791164658,34.497991967871485,17180
Villihotti,495,55,0.1111111111111111,24.288888888888888,12023
Good As Gold,483,27,0.055900621118012424,40.57556935817805,19598
The Best Madrik,479,43,0.08977035490605428,24.88517745302714,11920
Il Villaggio* (CA),475,64,0.13473684210526315,23.423157894736843,11126
Don't Blink Twice* (US),475,33,0.06947368421052631,33.345263157894735,15839
Choco Chip Hanover* (US),474,35,0.07383966244725738,39.75949367088607,18846
Quaker Jet,468,40,0.08547008547008547,26.931623931623932,12604
Clerk Magistrate,464,28,0.0603448275862069,34.672413793103445,16088
Tap In,459,22,0.04793028322440087,43.82788671023965,20117
K.M. Nopsa,459,22,0.04793028322440087,37.93464052287582,17412
Alm Viktor,451,41,0.09090909090909091,27.738359201773836,12510
Pine Chip* (US),450,28,0.06222222222222222,32.84,14778
Select Yankee,448,33,0.07366071428571429,28.290178571428573,12674
Auraus,448,30,0.06696428571428571,31.723214285714285,14212
Pastor Stephen* (US),446,72,0.16143497757847533,17.778026905829595,7929
Timoko,445,59,0.13258426966292136,16.0561797752809,7145
Hand Glider,442,18,0.04072398190045249,38.86425339366516,17178
Coktail Jet,438,48,0.1095890410958904,23.529680365296805,10306
Offshore Dream* (FR),435,46,0.10574712643678161,26.51264367816092,11533
Igor November,435,32,0.0735632183908046,37.33103448275862,16239
Turon Into,434,36,0.08294930875576037,25.023041474654377,10860
Åsajerven,431,42,0.09744779582366589,22.150812064965198,9547
Muscle Mass,423,38,0.08983451536643026,20.82033096926714,8807
Running Sea,423,28,0.06619385342789598,47.297872340425535,20007
Victory Cruise* (US),420,15,0.03571428571428571,36.12380952380953,15172
Tuokkolan Touho,419,62,0.14797136038186157,21.214797136038186,8889
Even Better Odds,417,29,0.06954436450839328,31.194244604316548,13008
Farifant,416,41,0.0985576923076923,27.483173076923077,11433
Mörtvedt Jerkeld,413,35,0.0847457627118644,32.02179176755448,13225
International Chip* (US),412,24,0.05825242718446602,30.449029126213592,12545
Humeeti,409,42,0.10268948655256724,26.7359413202934,10935
Lass Zefyr* (SE),408,25,0.061274509803921566,38.84313725490196,15848
Månprinsen A.M.,408,56,0.13725490196078433,16.191176470588236,6606
Viking Kronos,405,32,0.07901234567901234,44.71358024691358,18109
Cantab Hall* (US),399,36,0.09022556390977443,30.93483709273183,12343
Perhaps Love,399,27,0.06766917293233082,36.06265664160401,14389
H.G.Balder,394,27,0.06852791878172589,36.47208121827411,14370
Cr V Eight* (US),391,21,0.05370843989769821,38.831202046035806,15183
Broadway Hall,389,58,0.14910025706940874,17.724935732647815,6895
Micro Mesh,387,48,0.12403100775193798,28.06201550387597,10860
From Above* (SE),385,35,0.09090909090909091,28.677922077922076,11041
Muscle Memory,380,18,0.04736842105263158,43.8,16644
Sam Bourbon,379,44,0.11609498680738786,25.691292875989447,9737
Scarlet Knight* (US),378,40,0.10582010582010581,27.746031746031747,10488
Sinou Madrik,368,20,0.05434782608695652,36.00271739130435,13249
Up and Quick,366,68,0.18579234972677597,15.573770491803279,5700
Gentle Star,365,19,0.052054794520547946,37.846575342465755,13814
Blue York Yankee* (US),364,35,0.09615384615384616,33.129120879120876,12059
Villiari,361,35,0.09695290858725762,28.030470914127424,10119
Red Hot Dynamite,358,29,0.08100558659217877,30.217877094972067,10818
Sahara Dynamite,357,36,0.10084033613445378,29.89075630252101,10671
Micro Mesh* (SE),356,45,0.12640449438202248,23.94943820224719,8526
Ganymede,355,36,0.10140845070422536,24.577464788732396,8725
Kadabra,349,38,0.10888252148997135,24.7621776504298,8642
Blue Chip Star* (US),346,22,0.06358381502890173,32.225433526011564,11150
San Pellegrino,346,22,0.06358381502890173,34.10693641618497,11801
Dexter Frontline,341,20,0.05865102639296188,46.39296187683284,15820
Muscle Hill* (US),339,66,0.19469026548672566,14.041297935103245,4760
Spotlite Lobell,339,9,0.02654867256637168,47.5693215339233,16126
Tähen Tuuri,336,30,0.08928571428571429,27.958333333333332,9394
Yankee Glide* (US),336,52,0.15476190476190477,23.232142857142858,7806
Super Light,331,20,0.06042296072507553,41.43202416918429,13714
Beer Budget* (US),328,21,0.06402439024390244,32.548780487804876,10676
Glen Kronos* (IT),323,27,0.08359133126934984,32.154798761609904,10386
Lovely Lidob,323,27,0.08359133126934984,28.60061919504644,9238
Caramba Hall,318,13,0.040880503144654086,40.84276729559748,12988
Silver Pine* (US),305,10,0.03278688524590164,37.649180327868855,11483
Skaffer Brunen,303,17,0.056105610561056105,37.993399339933994,11512
Federal Flex* (US),302,31,0.10264900662251655,27.43046357615894,8284
Yield Boko,301,41,0.1362126245847176,19.92358803986711,5997
Lucky Chucky,301,31,0.10299003322259136,26.757475083056477,8054
Banker Hall,300,10,0.03333333333333333,49.04333333333334,14713
Briskeby Philip,300,23,0.07666666666666666,36.47,10941
Saran Salama,297,11,0.037037037037037035,36.66329966329966,10889
Steinlager,292,17,0.05821917808219178,48.65068493150685,14206
Fill V,291,5,0.01718213058419244,46.666666666666664,13580
Syrinxian,287,27,0.09407665505226481,30.78048780487805,8834
Crazed* (US),284,23,0.08098591549295775,32.53169014084507,9239
Sam Bourbon* (FR),284,36,0.1267605633802817,22.8556338028169,6491
Hovi-Ari,282,16,0.05673758865248227,40.95744680851064,11550
Torvald Palema,279,29,0.1039426523297491,28.232974910394265,7877
Shergar Boko* (SE),279,13,0.04659498207885305,28.491039426523297,7949
Look De Star* (FR),275,31,0.11272727272727273,17.421818181818182,4791
Thai Tanic,271,25,0.09225092250922509,30.671586715867157,8312
So Perfect* (FR),271,41,0.15129151291512916,36.66789667896679,9937
Kilun Peedro,269,30,0.11152416356877323,21.613382899628252,5814
Ready Cash* (FR),269,50,0.18587360594795538,16.58364312267658,4461
Paul November,268,21,0.07835820895522388,34.66417910447761,9290
Deweycheatumnhowe,266,29,0.10902255639097744,29.05639097744361,7729
Laddie,264,12,0.045454545454545456,40.89772727272727,10797
Anythings Possible* (US),262,30,0.11450381679389313,35.81679389312977,9384
Exploit Caf,261,13,0.04980842911877394,47.160919540229884,12309
Jänkä-Jussi,258,25,0.09689922480620156,38.96124031007752,10052
Brad De Veluwe,257,25,0.09727626459143969,22.575875486381324,5802
Formula One,257,24,0.0933852140077821,29.813229571984436,7662
Hard Livin,256,27,0.10546875,33.7734375,8646
Look de Star,253,22,0.08695652173913043,41.81422924901186,10579
Håkon Jo,253,11,0.043478260869565216,35.07114624505929,8873
Hövding Lavec,251,17,0.06772908366533864,30.16733067729084,7572
Brad de Veluwe,250,32,0.128,22.728,5682
Even Better Odds* (US),249,28,0.11244979919678715,26.602409638554217,6624
Muscle Mass* (US),248,22,0.08870967741935484,27.524193548387096,6826
Great Challenger,248,37,0.14919354838709678,19.89516129032258,4934
Infinitif* (IT),245,17,0.06938775510204082,28.253061224489795,6922
Berto Primo* (US),245,21,0.08571428571428572,29.175510204081633,7148
Digger Crown,244,15,0.06147540983606557,33.09836065573771,8076
Inspiration Ride,241,21,0.08713692946058091,26.141078838174273,6300
Sörkän Sälli,241,35,0.14522821576763487,18.543568464730292,4469
McCarron* (US),240,8,0.03333333333333333,47.025,11286
Rallaus,238,24,0.10084033613445378,32.10504201680672,7641
Keaton Zet* (SE),238,18,0.07563025210084033,31.113445378151262,7405
Wildwood Express* (US),236,15,0.0635593220338983,40.21186440677966,9490
Dotterud Teddy,235,22,0.09361702127659574,23.782978723404256,5589
Couch Doctor,235,4,0.01702127659574468,56.81276595744681,13351
Double Eagle,235,14,0.059574468085106386,43.43829787234043,10208
Was It A Dream* (US),235,13,0.05531914893617021,35.93191489361702,8444
Knows Nothing* (US),234,44,0.18803418803418803,19.264957264957264,4508
Fakse,234,25,0.10683760683760683,38.585470085470085,9029
Echo,229,22,0.09606986899563319,34.06113537117904,7800
Credit Winner* (US),229,23,0.10043668122270742,38.943231441048034,8918
Kadabra* (US),225,24,0.10666666666666667,26.182222222222222,5891
Ken Warkentin* (US),223,28,0.12556053811659193,26.12556053811659,5826
Finish,221,9,0.04072398190045249,53.87782805429864,11907
Classico Merett* (IT),220,13,0.05909090909090909,43.79090909090909,9634
Jaanen Suikku,220,13,0.05909090909090909,29.681818181818183,6530
B. Vilunki,220,13,0.05909090909090909,35.60909090909091,7834
Coktail Jet* (FR),220,23,0.10454545454545454,36.86818181818182,8111
Password,219,24,0.1095890410958904,22.940639269406393,5024
Standpoint,219,8,0.0365296803652968,32.82648401826484,7189
Tähti-Vokker,217,13,0.059907834101382486,31.82488479262673,6906
Odin Tabac,217,15,0.06912442396313365,32.44239631336406,7040
Rite on Track,216,13,0.06018518518518518,35.81018518518518,7735
Snygg,215,13,0.06046511627906977,25.190697674418605,5416
Allstar Hall,214,12,0.056074766355140186,38.046728971962615,8142
Magic Technique,214,9,0.04205607476635514,28.509345794392523,6101
Northern Ensign* (CA),214,14,0.06542056074766354,36.350467289719624,7779
Fire Lane* (US),213,16,0.07511737089201878,33.859154929577464,7212
Frank The Hands* (US),212,14,0.0660377358490566,35.466981132075475,7519
Varenne* (IT),210,27,0.12857142857142856,22.919047619047618,4813
Global Glide,207,12,0.057971014492753624,30.71014492753623,6357
Goetmals Wood,206,11,0.05339805825242718,30.135922330097088,6208
Igor Brick* (SE),206,11,0.05339805825242718,39.762135922330096,8191
Oiseau de Feux,206,19,0.09223300970873786,37.237864077669904,7671
Donato Hanover* (US),206,41,0.19902912621359223,14.427184466019417,2972
Dumle Loss,205,14,0.06829268292682927,35.234146341463415,7223
Judge Joe* (US),204,9,0.04411764705882353,40.6764705882353,8298
Beanie M.M.,204,15,0.07352941176470588,26.931372549019606,5494
Big Apple Deli* (US),203,20,0.09852216748768473,32.142857142857146,6525
Express It,203,17,0.08374384236453201,35.41871921182266,7190
Hilpetööri,203,19,0.09359605911330049,23.866995073891626,4845
Skogans Orlov,202,6,0.0297029702970297,46.53465346534654,9400
Sugar Trader,200,9,0.045,40.45,8090
Virgill Boko,198,18,0.09090909090909091,20.92929292929293,4144
Enjoy Lavec* (SE),197,25,0.12690355329949238,26.517766497461928,5224
The Bad Boy,197,11,0.05583756345177665,49.24873096446701,9702
Explosive Matter* (US),197,35,0.17766497461928935,21.68020304568528,4271
Supertoy* (US),196,5,0.025510204081632654,47.98979591836735,9406
Improve Ås,196,14,0.07142857142857142,26.642857142857142,5222
Patrikin Muisto,192,21,0.109375,30.989583333333332,5950
Linkori,190,25,0.13157894736842105,19.221052631578946,3652
Quarcio du Chene,189,26,0.13756613756613756,18.66137566137566,3527
Turon Myrsky,187,31,0.1657754010695187,20.925133689839573,3913
Amazon Clipper* (US),187,4,0.0213903743315508,34.98930481283423,6543
Ens Snapshot,185,15,0.08108108108108109,24.972972972972972,4620
RC Royalty* (US),185,37,0.2,14.394594594594595,2663
Hennessey* (DK),184,14,0.07608695652173914,36.70652173913044,6754
Quaker Jet* (FR),184,14,0.07608695652173914,24.820652173913043,4567
Tuli-Viesker,184,21,0.11413043478260869,22.581521739130434,4155
Edgestone Hanover* (US),182,9,0.04945054945054945,42.08791208791209,7660
Viestaus,181,7,0.03867403314917127,41.81767955801105,7569
Jaded* (SE),179,20,0.11173184357541899,29.134078212290504,5215
Jag de Bellouet,178,12,0.06741573033707865,43.48876404494382,7741
Juliano Star* (FR),178,8,0.0449438202247191,33.70224719101124,5999
Three July* (FR),178,14,0.07865168539325842,25.831460674157302,4598
Horgen Tore,176,26,0.14772727272727273,17.068181818181817,3004
Pearsall Hanover,176,8,0.045454545454545456,37.72727272727273,6640
Going Kronos* (IT),174,12,0.06896551724137931,41.00574712643678,7135
Blue York Yankee,174,8,0.04597701149425287,35.8448275862069,6237
Suikun Ero,173,13,0.07514450867052024,30.121387283236995,5211
Eldfaksen,173,15,0.08670520231213873,33.85549132947977,5857
Trixton,173,32,0.18497109826589594,12.751445086705202,2206
Rite On Line* (US),171,4,0.023391812865497075,42.538011695906434,7274
B.W.Modde,170,43,0.2529411764705882,14.041176470588235,2387
Fannin Muisto,169,23,0.13609467455621302,33.76331360946745,5706
Fräkke Frederik,168,8,0.047619047619047616,37.07738095238095,6229
Hullumies,166,17,0.10240963855421686,23.873493975903614,3963
Domingo Ors* (IT),165,13,0.07878787878787878,35.25454545454546,5817
Diamond Circle* (DE),165,5,0.030303030303030304,44.25454545454546,7302
Magnifik Sund,164,11,0.06707317073170732,34.74390243902439,5698
Nordli Svarten,163,20,0.12269938650306748,35.91411042944785,5854
Home Alone,161,9,0.055900621118012424,32.559006211180126,5242
Jobie Tempest,159,8,0.050314465408805034,45.15723270440252,7180
Lindy Lane* (US),156,6,0.038461538461538464,30.108974358974358,4697
Sikko,156,10,0.0641025641025641,39.90384615384615,6225
Norheim Faksen,155,25,0.16129032258064516,20.225806451612904,3135
Tume,155,9,0.05806451612903226,23.09032258064516,3579
Einomies,155,17,0.10967741935483871,20.4,3162
Troll Kevin,155,10,0.06451612903225806,44.354838709677416,6875
Fill V* (US),154,6,0.03896103896103896,41.253246753246756,6353
S:t Göran,154,7,0.045454545454545456,51.383116883116884,7913
Pearsall Hanover* (US),154,10,0.06493506493506493,41.16233766233766,6339
Voje Faks,151,8,0.052980132450331126,34.4635761589404,5204
Victory Party,151,5,0.033112582781456956,56.05298013245033,8464
Quatre Juillet,151,8,0.052980132450331126,25.90066225165563,3911
Qvadrigo,150,11,0.07333333333333333,43.63333333333333,6545
No Chip* (US),149,7,0.04697986577181208,37.57046979865772,5598
Brännapål,148,1,0.006756756756756757,59.817567567567565,8853
Civil Action,148,4,0.02702702702702703,39.33108108108108,5821
Daguet Rapide,148,8,0.05405405405405406,34.62837837837838,5125
Hallsta Lotus,148,15,0.10135135135135136,28.37837837837838,4200
Frosts Oilbaron* (SE),148,19,0.12837837837837837,20.89864864864865,3093
Pikku-Pertti,147,15,0.10204081632653061,20.224489795918366,2973
Broad Bahn,146,10,0.0684931506849315,26.397260273972602,3854
Gentle Star* (NO),145,29,0.2,19.744827586206895,2863
Igor Brick,144,5,0.034722222222222224,46.25,6660
Diesel Don,144,8,0.05555555555555555,36.43055555555556,5246
Athos Tilly,143,12,0.08391608391608392,42.77622377622377,6117
Gallant Baron,143,6,0.04195804195804196,47.94405594405595,6856
Manofmanymissions,143,23,0.16083916083916083,19.6993006993007,2817
Adrian Chip* (US),143,14,0.0979020979020979,21.265734265734267,3041
Un Mec d'Heripre,142,22,0.15492957746478872,16.746478873239436,2378
Giuseppe Bi* (IT),142,13,0.09154929577464789,29.133802816901408,4137
El Glide* (CA),141,7,0.04964539007092199,45.6241134751773,6433
Ramiini,141,8,0.05673758865248227,29.907801418439718,4217
The Liquidator,140,10,0.07142857142857142,29.207142857142856,4089
Federal Flex,140,9,0.06428571428571428,33.6,4704
Ganymede* (FR),139,6,0.04316546762589928,29.892086330935253,4155
Liptus,139,20,0.14388489208633093,28.676258992805757,3986
Svall Ivar,139,16,0.11510791366906475,33.884892086330936,4710
Yorktown Gunner,139,13,0.09352517985611511,29.74820143884892,4135
Taikuri,138,30,0.21739130434782608,16.405797101449274,2264
Persos Yankee* (SE),138,19,0.13768115942028986,31.217391304347824,4308
Dreamaster* (US),138,20,0.14492753623188406,29.181159420289855,4027
Sergei Hanover,136,18,0.1323529411764706,26.88235294117647,3656
Baron Pepper,136,9,0.0661764705882353,44.00735294117647,5985
Sundbo Kravall,136,5,0.03676470588235294,48.48529411764706,6594
Lucky Chucky* (US),136,9,0.0661764705882353,35.419117647058826,4817
Mr Nice Guy,135,7,0.05185185185185185,35.422222222222224,4782
All Laid Out* (US),135,19,0.14074074074074075,21.22222222222222,2865
Igor Font* (IT),135,27,0.2,19.096296296296295,2578
Like A Prayer,132,11,0.08333333333333333,23.765151515151516,3137
Royal Dream,132,19,0.14393939393939395,16.553030303030305,2185
Majestic Son* (CA),131,7,0.05343511450381679,28.908396946564885,3787
Alf Palema,130,3,0.023076923076923078,60.93076923076923,7921
Mr McNally* (US),130,13,0.1,33.09230769230769,4302
Yarrah Boko,130,17,0.13076923076923078,27.723076923076924,3604
Troll Kos,130,5,0.038461538461538464,49.56923076923077,6444
Totemi Rok,129,12,0.09302325581395349,40.310077519379846,5200
Chocolatier* (US),129,6,0.046511627906976744,35.98449612403101,4642
Hot Tub,126,6,0.047619047619047616,26.5,3339
Garros* (SE),126,6,0.047619047619047616,39.70634920634921,5003
Calvin Capar,126,4,0.031746031746031744,30.452380952380953,3837
Like Di Poggio* (IT),126,6,0.047619047619047616,43.76984126984127,5515
Viking S.S.,126,3,0.023809523809523808,54.79365079365079,6904
Incognito Kemp,125,8,0.064,35.344,4418
Diamond Way,125,9,0.072,34.928,4366
Googoo Gaagaa,125,28,0.224,17.2,2150
Le Cannibale,124,10,0.08064516129032258,30.95967741935484,3839
Eder,123,6,0.04878048780487805,46.048780487804876,5664
Sirpan Sisu,123,8,0.06504065040650407,30.6260162601626,3767
Teme,122,17,0.13934426229508196,24.549180327868854,2995
Turkka K,122,4,0.03278688524590164,39.18852459016394,4781
Glen Kronos,121,6,0.049586776859504134,43.84297520661157,5305
Prodigious* (FR),119,22,0.18487394957983194,18.69747899159664,2225
Cold Hard Wind,119,12,0.10084033613445378,43.36134453781513,5160
R.B. Caesar* (US),118,11,0.09322033898305085,39.23728813559322,4630
Wellino Boko,118,14,0.11864406779661017,23.652542372881356,2791
Chapter Seven,118,21,0.17796610169491525,16.3135593220339,1925
Super Fling,117,2,0.017094017094017096,47.914529914529915,5606
Björs Frej,116,9,0.07758620689655173,28.482758620689655,3304
Surtees Hanover* (US),116,17,0.14655172413793102,23.017241379310345,2670
Romeo Lax,115,4,0.034782608695652174,24.73913043478261,2845
Bring Me Back,115,8,0.06956521739130435,24.982608695652175,2873
Tino,115,2,0.017391304347826087,43.99130434782609,5059
Rotation,114,5,0.043859649122807015,59.973684210526315,6837
Thechiefofmontana* (CA),114,6,0.05263157894736842,25.37719298245614,2893
Clerk Magistrate* (US),114,11,0.09649122807017543,29.92105263157895,3411
Smasher,113,3,0.02654867256637168,58.95575221238938,6662
Tyrone Dillon,113,6,0.05309734513274336,27.061946902654867,3058
Tähti-Tili,112,1,0.008928571428571428,62.214285714285715,6968
Aperfectyankee,112,6,0.05357142857142857,37.723214285714285,4225
Slått Eld,111,6,0.05405405405405406,31.0990990990991,3452
Idenors Tindex,111,7,0.06306306306306306,36.4054054054054,4041
Suikun Ralli,111,23,0.2072072072072072,21.64864864864865,2403
Wishing Stone,111,13,0.11711711711711711,25.63063063063063,2845
Särpefanten,110,7,0.06363636363636363,34.554545454545455,3801
Turbo Sund* (SE),110,12,0.10909090909090909,23.70909090909091,2608
Majesty of Rock,110,5,0.045454545454545456,47.64545454545455,5241
Pilgrims Taj,109,12,0.11009174311926606,14.376146788990825,1567
Self Possessed,109,17,0.1559633027522936,8.495412844036696,926
Tyler Cas El,108,4,0.037037037037037035,45.388888888888886,4902
Super Arnie* (US),108,1,0.009259259259259259,50.69444444444444,5475
Pampino,108,3,0.027777777777777776,46.68518518518518,5042
Karlängs Elden,107,6,0.056074766355140186,33.38317757009346,3572
Huiman Pyste,107,12,0.11214953271028037,23.364485981308412,2500
Korean,107,10,0.09345794392523364,29.850467289719628,3194
Funky Ride,106,11,0.10377358490566038,25.67924528301887,2722
Trophy Catch,106,10,0.09433962264150944,27.754716981132077,2942
Visul,106,16,0.1509433962264151,16.49056603773585,1748
Joiheri,106,11,0.10377358490566038,22.433962264150942,2378
Glöding,105,0,0.0,46.75238095238095,4909
New Grove Coin,105,3,0.02857142857142857,58.695238095238096,6163
Igor Font,105,13,0.12380952380952381,13.752380952380953,1444
Glidemaster,105,4,0.0380952380952381,42.4,4452
G.H.Nemo,104,10,0.09615384615384616,27.83653846153846,2895
Beissinger Hanover* (US),104,2,0.019230769230769232,33.25,3458
Ulvsås Zico,103,9,0.08737864077669903,21.300970873786408,2194
Broadway Hall* (US),103,10,0.0970873786407767,31.145631067961165,3208
In Dix Huit* (IT),102,5,0.049019607843137254,34.333333333333336,3502
Atticus Hanover,102,3,0.029411764705882353,55.009803921568626,5611
Toss Out,102,5,0.049019607843137254,33.31372549019608,3398
Lascaux,102,3,0.029411764705882353,46.81372549019608,4775
Lykkemin,102,2,0.0196078431372549,38.627450980392155,3940
Holiday Credit,101,12,0.1188118811881188,25.03960396039604,2529
Franko,101,5,0.04950495049504951,25.99009900990099,2625
Egon Lavec,100,4,0.04,54.3,5430
Hot Shot Knick* (SE),100,7,0.07,35.24,3524
Pojke Kronos,99,13,0.13131313131313133,26.373737373737374,2611
I.P. Vektori,99,3,0.030303030303030304,47.656565656565654,4718
Quick Wood,98,13,0.1326530612244898,15.306122448979592,1500
Bebop,97,6,0.061855670103092786,35.76288659793814,3469
Muscle Bound* (US),97,10,0.10309278350515463,27.711340206185568,2688
Tony Oaks,97,9,0.09278350515463918,19.515463917525775,1893
King Lavec,96,3,0.03125,35.375,3396
Hiskin Muisto,96,6,0.0625,23.25,2232
Classic Hogan* (US),96,5,0.052083333333333336,30.84375,2961
Angus Hall,95,4,0.042105263157894736,46.94736842105263,4460
Viltterin Lahjus,95,5,0.05263157894736842,38.915789473684214,3697
Rocklyn,94,9,0.09574468085106383,26.72340425531915,2512
Bold Eagle,93,28,0.3010752688172043,12.795698924731182,1190
Gentleman,93,8,0.08602150537634409,34.505376344086024,3209
Pauskeri,93,3,0.03225806451612903,24.741935483870968,2301
Ride the Night,93,1,0.010752688172043012,58.68817204301075,5458
Exchequer* (FR),93,6,0.06451612903225806,34.03225806451613,3165
Scipion du Goutier,93,19,0.20430107526881722,20.408602150537636,1898
Djali Boko,92,16,0.17391304347826086,15.065217391304348,1386
Roc Meslois,92,4,0.043478260869565216,33.47826086956522,3080
Love,92,2,0.021739130434782608,33.80434782608695,3110
Bokli Eld,92,1,0.010869565217391304,31.097826086956523,2861
Main Wise As,91,17,0.18681318681318682,17.824175824175825,1622
Titan Tabac,91,6,0.06593406593406594,27.846153846153847,2534
Center Field* (US),91,7,0.07692307692307693,31.802197802197803,2894
Simb Chaplin* (SE),91,1,0.01098901098901099,48.7032967032967,4432
R.C.Royalty,90,15,0.16666666666666666,9.8,882
Uno Di Jesolo* (IT),89,2,0.02247191011235955,69.37078651685393,6174
Murron Titaani,89,4,0.0449438202247191,39.47191011235955,3513
Saxo de Vandel,89,11,0.12359550561797752,21.56179775280899,1919
Muscles Wiking BR,87,6,0.06896551724137931,22.64367816091954,1970
Ladakh Jiel* (FR),87,6,0.06896551724137931,34.62068965517241,3012
Facts of Life,87,4,0.04597701149425287,32.67816091954023,2843
Deweycheatumnhowe* (US),87,9,0.10344827586206896,31.689655172413794,2757
Crown Kemp,87,1,0.011494252873563218,36.35632183908046,3163
Diamond Way* (DE),87,9,0.10344827586206896,41.275862068965516,3591
Campbell Hall,87,5,0.05747126436781609,31.126436781609197,2708
Boker,86,16,0.18604651162790697,11.790697674418604,1014
Hepori,86,22,0.2558139534883721,12.593023255813954,1083
Break the Bank K.,86,12,0.13953488372093023,17.232558139534884,1482
Armbro Baccarat* (CA),86,5,0.05813953488372093,32.91860465116279,2831
Rusty Love,86,6,0.06976744186046512,44.174418604651166,3799
Höiby Kongen,86,1,0.011627906976744186,69.56976744186046,5983
Algiers Hall,85,9,0.10588235294117647,27.058823529411764,2300
Wikvinn,85,8,0.09411764705882353,32.05882352941177,2725
Meaulnes du Corta,85,11,0.12941176470588237,21.270588235294117,1808
Repeat Love,85,9,0.10588235294117647,26.388235294117646,2243
Starchip Entrprise,85,5,0.058823529411764705,41.96470588235294,3567
Muscle Memory* (US),84,2,0.023809523809523808,25.821428571428573,2169
Wait Lifting* (US),84,0,0.0,55.92857142857143,4698
Scarlets Aino,84,2,0.023809523809523808,29.904761904761905,2512
Dust All Over,83,4,0.04819277108433735,25.3855421686747,2107
Lennox,83,8,0.0963855421686747,24.63855421686747,2045
Please Poppy* (US),83,9,0.10843373493975904,30.662650602409638,2545
Text Me* (CA),83,7,0.08433734939759036,38.93975903614458,3232
Timetosaygoodbye,82,5,0.06097560975609756,31.024390243902438,2544
Banker Hall* (US),82,10,0.12195121951219512,24.195121951219512,1984
Angus Hall* (US),82,1,0.012195121951219513,42.86585365853659,3515
Vodka No Fruit* (US),82,5,0.06097560975609756,37.426829268292686,3069
Staro Yzerman* (SE),82,3,0.036585365853658534,40.78048780487805,3344
Express Lavec,82,1,0.012195121951219513,40.853658536585364,3350
E L Stewart* (US),81,5,0.06172839506172839,38.60493827160494,3127
Self Obsessed* (US),81,11,0.13580246913580246,30.77777777777778,2493
Frans,81,9,0.1111111111111111,32.851851851851855,2661
Nolte* (SE),80,2,0.025,42.6625,3413
Feseth Lynet,80,6,0.075,25.4125,2033
Amer I Can,80,3,0.0375,52.975,4238
Torvald Palema* (SE),80,3,0.0375,39.55,3164
Niko-Vokker,79,4,0.05063291139240506,40.65822784810127,3212
Tap In* (US),79,4,0.05063291139240506,47.620253164556964,3762
Running Sea* (US),79,4,0.05063291139240506,28.873417721518987,2281
Good As Gold* (SE),79,3,0.0379746835443038,36.22784810126582,2862
Othello Kemp,79,8,0.10126582278481013,24.78481012658228,1958
Niky,78,18,0.23076923076923078,15.076923076923077,1176
Crown Bones* (US),78,6,0.07692307692307693,40.65384615384615,3171
Turbo Thrust* (US),78,6,0.07692307692307693,29.76923076923077,2322
L.of a Prince,77,5,0.06493506493506493,42.5974025974026,3280
Darius,76,0,0.0,43.026315789473685,3270
Daguet Rapide* (IT),76,3,0.039473684210526314,42.64473684210526,3241
Wiking Blesen,76,4,0.05263157894736842,40.28947368421053,3062
Broke Even* (US),76,3,0.039473684210526314,51.35526315789474,3903
Super Photo Kosmos* (US),75,8,0.10666666666666667,30.546666666666667,2291
Giant Superman,74,0,0.0,46.83783783783784,3466
Timoko* (FR),74,10,0.13513513513513514,16.60810810810811,1229
Dad's Launcher,72,3,0.041666666666666664,29.819444444444443,2147
Utun Voku,72,1,0.013888888888888888,44.791666666666664,3225
Kokeva,72,5,0.06944444444444445,28.34722222222222,2041
Maharajah* (SE),71,17,0.23943661971830985,9.605633802816902,682
Kesaco Phedo,71,7,0.09859154929577464,13.704225352112676,973
BWT Magic,71,9,0.1267605633802817,24.985915492957748,1774
Thai Tanic* (NO),71,0,0.0,26.549295774647888,1885
Gift Kronos* (IT),71,7,0.09859154929577464,30.929577464788732,2196
Ventterin Vili,70,3,0.04285714285714286,32.91428571428571,2304
Never Again,70,6,0.08571428571428572,26.2,1834
Caballion,69,4,0.057971014492753624,31.869565217391305,2199
Åkre Lurifax,68,0,0.0,42.705882352941174,2904
Smok'n Lantern,68,2,0.029411764705882353,54.48529411764706,3705
Conny Nobell* (SE),68,1,0.014705882352941176,45.6764705882353,3106
Triton Sund* (SE),68,1,0.014705882352941176,54.411764705882355,3700
Spook House* (US),67,0,0.0,32.134328358208954,2153
Giant Touchdown* (US),67,5,0.07462686567164178,25.880597014925375,1734
Pelle Babs,67,2,0.029850746268656716,47.014925373134325,3150
Tyrone Dillon* (CA),67,7,0.1044776119402985,14.253731343283581,955
Naglo,67,10,0.14925373134328357,14.671641791044776,983
Up Front Larry* (US),67,6,0.08955223880597014,31.597014925373134,2117
Goetmals Wood* (FR),66,6,0.09090909090909091,26.833333333333332,1771
To The Gate* (US),66,0,0.0,55.303030303030305,3650
Surprise Lord,66,13,0.19696969696969696,12.121212121212121,800
Papa Bear,66,2,0.030303030303030304,68.51515151515152,4522
Please Poppy,66,2,0.030303030303030304,47.28787878787879,3121
Pato,65,2,0.03076923076923077,27.70769230769231,1801
Spotlite Lobell* (US),65,4,0.06153846153846154,31.723076923076924,2062
Elding,65,4,0.06153846153846154,52.723076923076924,3427
Eko Gillroy,65,5,0.07692307692307693,27.53846153846154,1790
Hallsta Asterix,65,6,0.09230769230769231,23.015384615384615,1496
Taro,65,1,0.015384615384615385,42.6,2769
Holiday Road,64,9,0.140625,23.640625,1513
Aldermarin,64,4,0.0625,35.125,2248
Krageboen,64,7,0.109375,32.859375,2103
Muscle Massive* (US),64,2,0.03125,19.328125,1237
Extrem,64,3,0.046875,39.84375,2550
Prince Gede,64,10,0.15625,19.671875,1259
Victory Abroad,64,5,0.078125,36.46875,2334
Noova,63,11,0.1746031746031746,23.317460317460316,1469
Olympic As,63,0,0.0,50.095238095238095,3156
Comets Tail* (US),63,4,0.06349206349206349,19.88888888888889,1253
H P Paque* (US),63,0,0.0,37.84126984126984,2384
Our Love* (FR),63,1,0.015873015873015872,26.333333333333332,1659
Abracadabrant,62,1,0.016129032258064516,40.08064516129032,2485
Dotto Nilema* (IT),62,5,0.08064516129032258,32.516129032258064,2016
Turnpike Taylor* (US),62,1,0.016129032258064516,61.33870967741935,3803
Slogum Björn,62,6,0.0967741935483871,39.435483870967744,2445
Zapdos Håjt,62,3,0.04838709677419355,28.612903225806452,1774
Mythical Lindy* (US),61,3,0.04918032786885246,34.68852459016394,2116
Stjerne Faks,61,1,0.01639344262295082,30.131147540983605,1838
Olimede* (FR),61,1,0.01639344262295082,62.049180327868854,3785
Etupassi,61,9,0.14754098360655737,27.672131147540984,1688
Vaikin Vauhti,60,5,0.08333333333333333,25.483333333333334,1529
Johnny William* (US),60,8,0.13333333333333333,21.433333333333334,1286
Celebrity Secret* (US),60,10,0.16666666666666666,27.383333333333333,1643
Dundee,60,4,0.06666666666666667,27.4,1644
Flirtin Man* (US),60,1,0.016666666666666666,56.666666666666664,3400
I.P. Viikari,59,6,0.1016949152542373,17.966101694915253,1060
Metkutus,59,6,0.1016949152542373,16.406779661016948,968
Self Timer,59,3,0.05084745762711865,27.89830508474576,1646
Zerberus* (DE),59,0,0.0,80.83050847457628,4769
Equinox Bi,58,10,0.1724137931034483,11.051724137931034,641
Atomic Hall* (US),58,8,0.13793103448275862,19.810344827586206,1149
Adams Hall* (US),58,2,0.034482758620689655,36.793103448275865,2134
Jag de Bellouet* (FR),57,6,0.10526315789473684,12.912280701754385,736
Qwerty,57,5,0.08771929824561403,13.614035087719298,776
Oscar Schindler SL,57,6,0.10526315789473684,28.43859649122807,1621
Tähtitase,57,2,0.03508771929824561,29.50877192982456,1682
Skibber,56,4,0.07142857142857142,30.0,1680
Magnificent Rodney,56,2,0.03571428571428571,94.26785714285714,5279
Abano As,56,6,0.10714285714285714,33.19642857142857,1859
Zoogin* (SE),56,1,0.017857142857142856,37.67857142857143,2110
Pomerol de Laumac,56,0,0.0,23.767857142857142,1331
Nad Al Sheba,56,13,0.23214285714285715,12.910714285714286,723
Mob Muscle,56,1,0.017857142857142856,27.589285714285715,1545
Vokun Viima,56,4,0.07142857142857142,16.232142857142858,909
Ens Snapshot* (US),56,14,0.25,18.107142857142858,1014
Valokuva,55,8,0.14545454545454545,47.14545454545455,2593
Fast Photo* (US),55,0,0.0,60.41818181818182,3323
Kings Sugarboy,55,2,0.03636363636363636,43.50909090909091,2393
Great Challenger* (US),55,9,0.16363636363636364,28.327272727272728,1558
Camri,55,9,0.16363636363636364,23.945454545454545,1317
Chouchou des Dames,55,6,0.10909090909090909,36.29090909090909,1996
Bokli Balder,55,2,0.03636363636363636,64.63636363636364,3555
Barbeque* (US),54,1,0.018518518518518517,80.16666666666667,4329
Vieskerin Potu,54,6,0.1111111111111111,24.333333333333332,1314
Classic Grand Cru,54,5,0.09259259259259259,21.59259259259259,1166
Joke Face* (SE),54,2,0.037037037037037035,26.0,1404
Prince L.,53,5,0.09433962264150944,54.509433962264154,2889
Kool du Caux,53,11,0.20754716981132076,9.018867924528301,478
Beissinger Hanover,53,4,0.07547169811320754,30.32075471698113,1607
Ever to Excel,52,2,0.038461538461538464,38.30769230769231,1992
Pirttilän Denis,52,1,0.019230769230769232,31.653846153846153,1646
Turtuma,52,3,0.057692307692307696,19.76923076923077,1028
Neslands Loke,52,5,0.09615384615384616,23.557692307692307,1225
Poken Poika,52,3,0.057692307692307696,38.90384615384615,2023
Rillaus,52,5,0.09615384615384616,41.19230769230769,2142
Ride The Night,52,1,0.019230769230769232,38.34615384615385,1994
Smedheim Solan,52,3,0.057692307692307696,26.365384615384617,1371
Viggo N.O.,51,3,0.058823529411764705,61.05882352941177,3114
Tristan,51,4,0.0784313725490196,32.8235294117647,1674
Flight Dream,51,2,0.0392156862745098,50.509803921568626,2576
Tiptopper,51,2,0.0392156862745098,25.41176470588235,1296
Vauhti-Ville,51,2,0.0392156862745098,44.1764705882353,2253
Lets Go,50,5,0.1,16.66,833
Kurri,50,1,0.02,39.4,1970
Com Emil* (SE),50,2,0.04,43.24,2162
Frosts Officer* (SE),50,6,0.12,26.98,1349
Blixt Pointer,50,0,0.0,32.96,1648
Le Monteil,50,5,0.1,27.38,1369
No Frosting,50,6,0.12,24.9,1245
Yankee Slide,50,1,0.02,50.26,2513
Pablo As* (DE),50,1,0.02,55.76,2788
Shaq is Back,50,8,0.16,18.0,900
Order By Fax* (SE),50,1,0.02,38.84,1942
Jalokiri,49,4,0.08163265306122448,23.714285714285715,1162
Il Villaggio,49,7,0.14285714285714285,25.387755102040817,1244
Hellin Faxen,48,8,0.16666666666666666,25.791666666666668,1238
Opus Viervil,48,1,0.020833333333333332,55.291666666666664,2654
Sensation Ride,48,0,0.0,58.416666666666664,2804
Risteri,48,1,0.020833333333333332,47.333333333333336,2272
Global Glide* (US),48,5,0.10416666666666667,23.333333333333332,1120
Que Pasa,48,1,0.020833333333333332,48.375,2322
Center Field,48,0,0.0,58.166666666666664,2792
Swift American* (US),48,2,0.041666666666666664,46.541666666666664,2234
Bebop* (CA),47,6,0.1276595744680851,30.53191489361702,1435
Stand Strong,47,1,0.02127659574468085,23.893617021276597,1123
Ikaros Leader,47,5,0.10638297872340426,15.46808510638298,727
Was it a Dream,47,0,0.0,40.48936170212766,1903
Abigail Duo,47,4,0.0851063829787234,28.53191489361702,1341
Hibogubben,47,0,0.0,56.829787234042556,2671
Vixen,47,4,0.0851063829787234,24.80851063829787,1166
Giant Magic* (US),46,1,0.021739130434782608,42.26086956521739,1944
Raja Mirchi* (SE),46,11,0.2391304347826087,11.369565217391305,523
Kool Du Caux* (FR),46,10,0.21739130434782608,8.673913043478262,399
Majestic Son,46,10,0.21739130434782608,19.717391304347824,907
Password* (FR),46,2,0.043478260869565216,28.5,1311
Neighsay Hanover* (US),46,9,0.1956521739130435,27.847826086956523,1281
L'Ideal Bricois,46,2,0.043478260869565216,42.30434782608695,1946
Hallabaloo* (CA),45,2,0.044444444444444446,20.444444444444443,920
Indurain* (US),45,0,0.0,71.17777777777778,3203
Västerbo Today,45,3,0.06666666666666667,32.37777777777778,1457
Prince de Charme,45,2,0.044444444444444446,22.355555555555554,1006
Cash Hall,45,2,0.044444444444444446,38.977777777777774,1754
Amour Ami,45,2,0.044444444444444446,33.022222222222226,1486
Super Singel* (SE),45,4,0.08888888888888889,24.377777777777776,1097
Arctic Hope,45,4,0.08888888888888889,30.91111111111111,1391
Garantido,44,1,0.022727272727272728,55.70454545454545,2451
Treasure Ås* (DK),44,3,0.06818181818181818,28.25,1243
Joyau d'Amour,44,0,0.0,63.84090909090909,2809
MagicCarpetRide US,44,9,0.20454545454545456,19.181818181818183,844
Guybo* (US),44,4,0.09090909090909091,41.25,1815
Greatest Image* (US),44,1,0.022727272727272728,30.772727272727273,1354
King Cane,43,10,0.23255813953488372,11.372093023255815,489
Marquis du Pommeau,43,1,0.023255813953488372,32.674418604651166,1405
Nathly Crown,43,2,0.046511627906976744,51.883720930232556,2231
Magnetic Power,43,2,0.046511627906976744,36.48837209302326,1569
Archduke Kemp,43,6,0.13953488372093023,31.069767441860463,1336
Smashing Victory,43,5,0.11627906976744186,17.813953488372093,766
David Raymond* (US),43,1,0.023255813953488372,53.46511627906977,2299
Don Giovanni,42,1,0.023809523809523808,55.523809523809526,2332
The Bosses Lindy,42,8,0.19047619047619047,24.261904761904763,1019
Beer Summit,42,8,0.19047619047619047,18.261904761904763,767
Teijan Tähti,42,0,0.0,93.11904761904762,3911
Un Amour d'Haufor,42,4,0.09523809523809523,15.952380952380953,670
Here Comes Herbie* (US),42,6,0.14285714285714285,21.214285714285715,891
Mr Commissioner,42,5,0.11904761904761904,25.5,1071
Arctic Alan,42,0,0.0,78.28571428571429,3288
Only Magic Kid,41,2,0.04878048780487805,24.21951219512195,993
Keik Jo,41,2,0.04878048780487805,39.1219512195122,1604
Vokmar,41,3,0.07317073170731707,31.585365853658537,1295
Neon P.E.,41,0,0.0,71.02439024390245,2912
Super Narva,41,8,0.1951219512195122,18.634146341463413,764
Red Chili Pirat,41,2,0.04878048780487805,26.51219512195122,1087
Deliberate Speed,41,1,0.024390243902439025,59.48780487804878,2439
Sebastian K.,41,2,0.04878048780487805,35.26829268292683,1446
Wiquell Horn,40,1,0.025,38.15,1526
Quatre Juillet* (FR),40,9,0.225,17.425,697
Father Patrick,40,12,0.3,5.625,225
Hirmori,40,0,0.0,51.45,2058
Udeo Degli Dei* (IT),40,0,0.0,23.75,950
Extreme Aunou,40,7,0.175,36.85,1474
Vilkkirilla,40,3,0.075,19.55,782
Viskaisu,40,2,0.05,41.575,1663
Sacred Spirit,40,0,0.0,48.275,1931
Meadowbranch Lucky,40,3,0.075,45.225,1809
Godolphin,40,4,0.1,26.3,1052
Meno-Teemu,39,0,0.0,67.71794871794872,2641
Fittipaldi,39,4,0.10256410256410256,33.46153846153846,1305
Com Lear,39,1,0.02564102564102564,33.53846153846154,1308
Up And Quick* (FR),38,7,0.18421052631578946,6.526315789473684,248
Wik Stjernen,38,6,0.15789473684210525,15.605263157894736,593
Hearth Boy Laday,38,5,0.13157894736842105,27.13157894736842,1031
V.G. Vihtori,38,2,0.05263157894736842,25.473684210526315,968
E.V. Cedar,38,2,0.05263157894736842,29.236842105263158,1111
Bob Heyden* (US),38,0,0.0,35.44736842105263,1347
Super News,38,4,0.10526315789473684,30.0,1140
Omega Boko,37,2,0.05405405405405406,39.729729729729726,1470
Viking Kronos* (IT),37,2,0.05405405405405406,70.37837837837837,2604
Paolo Berry,37,0,0.0,36.62162162162162,1355
Viking Masa Saito,37,0,0.0,50.891891891891895,1883
Classic Response,37,1,0.02702702702702703,36.972972972972975,1368
Easy Lover,37,2,0.05405405405405406,57.4054054054054,2124
Cromwell,37,1,0.02702702702702703,36.4054054054054,1347
Noras Bean,37,2,0.05405405405405406,14.837837837837839,549
Copper Beech,37,5,0.13513513513513514,22.945945945945947,849
Bolets Igor,37,1,0.02702702702702703,55.810810810810814,2065
Lärkan,37,1,0.02702702702702703,23.324324324324323,863
Hakki Kemp,37,0,0.0,36.432432432432435,1348
Stiv Kuling,36,3,0.08333333333333333,31.694444444444443,1141
Kippi S,36,2,0.05555555555555555,22.944444444444443,826
Sjefen,36,0,0.0,63.69444444444444,2293
Royal Dream* (FR),36,3,0.08333333333333333,24.86111111111111,895
Emilio Jet,36,6,0.16666666666666666,29.52777777777778,1063
Yöjuttu,36,1,0.027777777777777776,45.55555555555556,1640
Kume,36,1,0.027777777777777776,35.69444444444444,1285
Santeri Dahlia,36,1,0.027777777777777776,33.138888888888886,1193
Gill's Victory,35,0,0.0,52.68571428571428,1844
Kihutteen Lento,35,1,0.02857142857142857,31.82857142857143,1114
Quevert* (FR),35,1,0.02857142857142857,54.25714285714286,1899
Guybo,35,4,0.11428571428571428,34.25714285714286,1199
Petrus Rok,35,4,0.11428571428571428,20.771428571428572,727
Igor November* (IT),35,7,0.2,12.857142857142858,450
Hovfaksen,35,4,0.11428571428571428,24.485714285714284,857
Kaleva,35,3,0.08571428571428572,17.914285714285715,627
Briso Robertto,35,2,0.05714285714285714,25.8,903
Lix Mollyn,35,1,0.02857142857142857,25.057142857142857,877
Turbo Thrust,35,0,0.0,69.42857142857143,2430
Wildwood Express,35,2,0.05714285714285714,37.17142857142857,1301
Kesä-Toto,35,2,0.05714285714285714,29.257142857142856,1024
Atticus Hanover* (US),34,0,0.0,68.67647058823529,2335
Charles Atlas,34,1,0.029411764705882353,52.05882352941177,1770
Broad Bahn* (US),34,9,0.2647058823529412,21.264705882352942,723
Rooney Boko* (SE),34,0,0.0,29.941176470588236,1018
Kenavo Paris* (FR),34,2,0.058823529411764705,33.6764705882353,1145
R.T. Sankari,33,3,0.09090909090909091,28.272727272727273,933
Jiimän,33,0,0.0,23.545454545454547,777
Vappu-Heppu,33,3,0.09090909090909091,38.515151515151516,1271
Striking Sahbra,33,2,0.06060606060606061,27.454545454545453,906
All Cantab* (US),33,0,0.0,31.90909090909091,1053
Texas Express,33,0,0.0,63.39393939393939,2092
Diablo Va Bene,33,1,0.030303030303030304,54.09090909090909,1785
Silver Legacy,33,0,0.0,73.42424242424242,2423
El Vihuri,33,4,0.12121212121212122,43.84848484848485,1447
Southwind Vennae* (US),32,1,0.03125,52.34375,1675
Lee Van Cleef,32,1,0.03125,42.9375,1374
Eilean Donon* (US),32,2,0.0625,28.25,904
Sundsvik Holly Bob,32,5,0.15625,16.8125,538
Quito Gold,32,0,0.0,49.375,1580
Uronometro* (IT),32,1,0.03125,25.5,816
Blue Porsche* (US),32,6,0.1875,22.59375,723
The Best Madrik* (FR),31,2,0.06451612903225806,15.741935483870968,488
Gidde Palema* (SE),31,0,0.0,46.96774193548387,1456
Oiseau De Feux* (FR),31,1,0.03225806451612903,60.516129032258064,1876
Uronometro,31,0,0.0,41.87096774193548,1298
Simb Moonzoom,31,0,0.0,38.45161290322581,1192
M.A. Viki,31,0,0.0,34.83870967741935,1080
M.I. Viilari,31,4,0.12903225806451613,21.93548387096774,680
Sand Vic,31,3,0.0967741935483871,16.193548387096776,502
Our Love,31,1,0.03225806451612903,40.87096774193548,1267
Laddie* (US),30,1,0.03333333333333333,42.93333333333333,1288
Rapp Best* (SE),30,0,0.0,53.333333333333336,1600
Voitokas,30,1,0.03333333333333333,62.56666666666667,1877
Prince Mystic* (US),30,0,0.0,62.36666666666667,1871
Egon Lavec* (SE),30,0,0.0,49.93333333333333,1498
Turon Loppi,30,3,0.1,38.333333333333336,1150
Vigliano Prince,30,1,0.03333333333333333,22.6,678
Andover Andover* (US),30,1,0.03333333333333333,58.166666666666664,1745
Moe Svarten,30,2,0.06666666666666667,32.8,984
Chapter Seven* (US),30,6,0.2,6.5,195
Aggas Filur,30,1,0.03333333333333333,39.1,1173
Tschagga,29,5,0.1724137931034483,15.310344827586206,444
Tuiskis,29,0,0.0,25.896551724137932,751
Blue Mac Lad* (US),29,6,0.20689655172413793,31.413793103448278,911
Wayne,29,0,0.0,55.58620689655172,1612
Tsar d'Inverne* (SE),29,14,0.4827586206896552,4.551724137931035,132
Vipu-Poika,29,3,0.10344827586206896,21.93103448275862,636
Quido du Goutier,29,1,0.034482758620689655,30.862068965517242,895
Siro-Prinssi,29,0,0.0,12.241379310344827,355
Armbro Trick* (CA),29,1,0.034482758620689655,44.172413793103445,1281
Buvetier d'Aunou,29,2,0.06896551724137931,24.413793103448278,708
Blue Suede Victory* (US),29,2,0.06896551724137931,17.517241379310345,508
Sokna Troll,29,0,0.0,36.96551724137931,1072
Ideale Luis,29,3,0.10344827586206896,27.689655172413794,803
Russel November* (DE),29,0,0.0,62.827586206896555,1822
Snazzy Hot Rod,29,2,0.06896551724137931,34.793103448275865,1009
Cooltrain,28,1,0.03571428571428571,55.0,1540
Samuel Oaks,28,1,0.03571428571428571,30.821428571428573,863
Insert Gede* (FR),28,0,0.0,49.964285714285715,1399
Turon Loisto,28,4,0.14285714285714285,24.964285714285715,699
Sugar Free,28,0,0.0,31.714285714285715,888
Tannerman Can* (US),28,3,0.10714285714285714,26.857142857142858,752
Defi d'Aunou,28,1,0.03571428571428571,36.5,1022
Swan for All,28,2,0.07142857142857142,24.214285714285715,678
Je T'aime* (SE),27,2,0.07407407407407407,15.37037037037037,415
Puksi,27,0,0.0,59.148148148148145,1597
Ulsrud Igel,27,1,0.037037037037037035,46.592592592592595,1258
Beaumont Hanover,27,1,0.037037037037037035,47.666666666666664,1287
Owen Kemp,27,0,0.0,45.333333333333336,1224
Frigg Mollyn,27,2,0.07407407407407407,27.296296296296298,737
Biesolo,27,0,0.0,41.2962962962963,1115
Cesar Duo,27,0,0.0,48.48148148148148,1309
E.L.Mikko,27,3,0.1111111111111111,19.62962962962963,530
Benjamin Star,27,0,0.0,40.592592592592595,1096
Caballo* (DE),27,1,0.037037037037037035,47.48148148148148,1282
B.W.Gulliver,27,2,0.07407407407407407,28.51851851851852,770
Hovi-Hannu,27,3,0.1111111111111111,15.518518518518519,419
Tibbe Lavec* (SE),27,5,0.18518518518518517,10.0,270
Kihin Hiski,27,0,0.0,60.592592592592595,1636
Beboper,26,0,0.0,68.73076923076923,1787
Self Possessed* (US),26,3,0.11538461538461539,10.115384615384615,263
Solör Stegg,26,2,0.07692307692307693,47.30769230769231,1230
Pato* (SE),26,1,0.038461538461538464,44.65384615384615,1161
Express Duo,26,4,0.15384615384615385,11.384615384615385,296
Victory Abroad* (US),26,1,0.038461538461538464,38.38461538461539,998
Madison Hall* (US),26,2,0.07692307692307693,35.57692307692308,925
Blink* (US),26,2,0.07692307692307693,35.80769230769231,931
Vaakuna,26,1,0.038461538461538464,23.03846153846154,599
Arctic Express,26,0,0.0,60.19230769230769,1565
Vieskerin Vire,26,0,0.0,32.76923076923077,852
Röste Bo,26,2,0.07692307692307693,25.884615384615383,673
Makhtoub Jet,26,0,0.0,39.84615384615385,1036
Otello Pierji,26,10,0.38461538461538464,12.961538461538462,337
Citation Lindy,26,2,0.07692307692307693,15.192307692307692,395
Jailhouse Jesse,26,1,0.038461538461538464,26.615384615384617,692
Force Within* (US),25,3,0.12,24.52,613
Gobernador,25,2,0.08,23.0,575
Ico Kiki,25,1,0.04,38.68,967
Haaste-Poika,25,2,0.08,46.48,1162
Lucky Po,25,0,0.0,51.4,1285
Cosmos Rob * (IT),25,7,0.28,11.64,291
Lappello,25,0,0.0,71.4,1785
Iulius del Ronco,25,6,0.24,12.44,311
Tag The Devil,25,2,0.08,30.04,751
Nopsan Nero,25,0,0.0,66.04,1651
Atlas de Joudes,25,5,0.2,18.32,458
Opus Viervil* (FR),25,0,0.0,67.0,1675
Rossinanto* (EE),25,0,0.0,72.04,1801
Nice Love,24,0,0.0,37.125,891
Norheim Svenn,24,4,0.16666666666666666,8.208333333333334,197
Perhaps Love* (FR),24,0,0.0,54.083333333333336,1298
Air Force,24,0,0.0,93.04166666666667,2233
Cadillac Hall* (US),24,1,0.041666666666666664,52.75,1266
Energia Ossi,24,6,0.25,11.166666666666666,268
Dejarmbro,24,1,0.041666666666666664,19.708333333333332,473
Korean* (FR),24,2,0.08333333333333333,30.25,726
Lord Capar,24,2,0.08333333333333333,43.75,1050
Pasquale C* (US),24,0,0.0,38.166666666666664,916
Russell Hill,24,1,0.041666666666666664,44.333333333333336,1064
Herr Jägermeister,24,2,0.08333333333333333,32.958333333333336,791
Trö Fyr,24,3,0.125,49.666666666666664,1192
Redlight Jet* (FR),24,3,0.125,17.333333333333332,416
Elias Intomieli,24,1,0.041666666666666664,19.458333333333332,467
P J Punjab* (US),23,0,0.0,50.56521739130435,1163
Vålsvarten,23,0,0.0,56.608695652173914,1302
Power to Charm,23,1,0.043478260869565216,49.04347826086956,1128
Choco Chip Hanover,23,5,0.21739130434782608,30.304347826086957,697
Sugar Trader* (US),23,2,0.08695652173913043,27.043478260869566,622
Russel November,23,1,0.043478260869565216,25.608695652173914,589
Nahar de Beval,23,6,0.2608695652173913,6.913043478260869,159
Farifant* (IT),23,2,0.08695652173913043,33.73913043478261,776
Triumphant Caviar,23,1,0.043478260869565216,38.391304347826086,883
Insert Gede,23,0,0.0,56.78260869565217,1306
Rise and Shine,23,0,0.0,48.65217391304348,1119
Goodbye Charlie* (FR),23,1,0.043478260869565216,63.34782608695652,1457
Defi d'Aunou* (FR),23,0,0.0,56.34782608695652,1296
Gold Chip U.S.,23,1,0.043478260869565216,32.82608695652174,755
Sunshine Lord,23,0,0.0,63.47826086956522,1460
Sherman* (SE),23,1,0.043478260869565216,39.47826086956522,908
Chipmate,22,1,0.045454545454545456,41.63636363636363,916
Keepitinthefamily* (US),22,1,0.045454545454545456,51.40909090909091,1131
Giant Launcher,22,0,0.0,41.45454545454545,912
Equinox Bi* (IT),22,2,0.09090909090909091,21.318181818181817,469
Quaro,22,3,0.13636363636363635,21.681818181818183,477
Mel Odin,22,1,0.045454545454545456,37.95454545454545,835
Syrinxian* (US),22,4,0.18181818181818182,18.045454545454547,397
Com Hector,22,1,0.045454545454545456,48.5,1067
Southwind Pinnacle* (US),22,0,0.0,39.95454545454545,879
Wim van Camstra,22,0,0.0,23.772727272727273,523
Pirttilän Figo,22,1,0.045454545454545456,31.90909090909091,702
Olitro* (FR),22,3,0.13636363636363635,21.272727272727273,468
Steinsvad Eld,22,0,0.0,36.27272727272727,798
Epassi,22,4,0.18181818181818182,9.272727272727273,204
Colour August* (SE),22,2,0.09090909090909091,19.40909090909091,427
Brandy Dei Fiori,22,1,0.045454545454545456,30.818181818181817,678
Self Obsessed,22,1,0.045454545454545456,45.18181818181818,994
Dahir de Prelong,22,5,0.22727272727272727,9.727272727272727,214
Jörkka,21,2,0.09523809523809523,23.80952380952381,500
Dust All Over* (SE),21,3,0.14285714285714285,16.761904761904763,352
Tagline,21,3,0.14285714285714285,24.428571428571427,513
Virturi,21,0,0.0,54.714285714285715,1149
Tucson,21,1,0.047619047619047616,26.047619047619047,547
Skaffer Brunen* (NO),21,0,0.0,30.428571428571427,639
Vanishing Point* (FR),21,8,0.38095238095238093,9.476190476190476,199
Jeanbat du Vivier,21,2,0.09523809523809523,38.57142857142857,810
Legendary Lover K.,21,1,0.047619047619047616,21.19047619047619,445
Tähen Ponkaus,21,2,0.09523809523809523,16.19047619047619,340
Villevalle Victory* (SE),21,1,0.047619047619047616,27.857142857142858,585
Roll With Joe,21,2,0.09523809523809523,12.952380952380953,272
Red Xing,21,0,0.0,65.71428571428571,1380
Jose Kemp,21,1,0.047619047619047616,27.523809523809526,578
Caramba Hall* (US),21,3,0.14285714285714285,36.095238095238095,758
Dotto Nilema,21,1,0.047619047619047616,19.476190476190474,409
Brandy Dei Fiori* (IT),21,1,0.047619047619047616,71.19047619047619,1495
Lavec Kronos* (IT),21,1,0.047619047619047616,21.142857142857142,444
Asgaya,21,0,0.0,41.333333333333336,868
Peace On Earth,20,0,0.0,41.65,833
Charles Atlas* (US),20,0,0.0,71.95,1439
Progress Value,20,1,0.05,45.2,904
Present S* (SE),20,0,0.0,35.3,706
Panne de Moteur,20,0,0.0,34.55,691
Tand Troll,20,0,0.0,33.75,675
Norvelous Hanover,20,0,0.0,47.05,941
Memphis du Rib,20,1,0.05,31.9,638
Ufo Kievitshof,20,4,0.2,15.85,317
Mirandos,20,2,0.1,33.35,667
Capetown Hall,20,0,0.0,20.1,402
Wellino Boko* (SE),20,0,0.0,85.2,1704
Tom Ridge,20,1,0.05,42.45,849
Fairview* (SE),20,3,0.15,10.4,208
Miracle Lavec I.T.,20,0,0.0,18.2,364
Mondiale O.K.,20,6,0.3,7.75,155
Staro Ypsilon* (SE),20,0,0.0,64.05,1281
Leading Role* (US),20,1,0.05,43.6,872
A.T. Visku,20,0,0.0,32.6,652
Elegance Saulnier,20,0,0.0,27.85,557
Nahkaparturi,20,0,0.0,67.5,1350
Blue Mac Lad,19,0,0.0,39.21052631578947,745
Oyonnax,19,4,0.21052631578947367,26.473684210526315,503
Rooney Boko,19,0,0.0,79.47368421052632,1510
Perfect Sund* (SE),19,4,0.21052631578947367,23.473684210526315,446
Radetzky Boshoeve,19,1,0.05263157894736842,9.947368421052632,189
Memphis Du Rib* (FR),19,3,0.15789473684210525,18.57894736842105,353
Mr Claude* (US),19,2,0.10526315789473684,41.8421052631579,795
Picture Ås* (SE),19,1,0.05263157894736842,40.89473684210526,777
Severino,19,1,0.05263157894736842,22.894736842105264,435
Giant Chill,19,0,0.0,57.94736842105263,1101
Aarteen Aprik,19,1,0.05263157894736842,24.57894736842105,467
Donerail,19,1,0.05263157894736842,16.894736842105264,321
Gruccione Jet* (IT),19,4,0.21052631578947367,10.789473684210526,205
Poika-Siro,19,0,0.0,30.63157894736842,582
I Can Dance,19,2,0.10526315789473684,17.736842105263158,337
Joker Elden,19,5,0.2631578947368421,6.105263157894737,116
Emrik Du Hauty* (FR),19,6,0.3157894736842105,13.263157894736842,252
Suivikas,19,2,0.10526315789473684,21.0,399
Kiss Francais* (FR),19,0,0.0,42.73684210526316,812
Viriman,19,1,0.05263157894736842,65.84210526315789,1251
Otteen Oskari,18,4,0.2222222222222222,20.555555555555557,370
Express Merett* (SE),18,0,0.0,45.5,819
Frank,18,3,0.16666666666666666,16.944444444444443,305
November,18,4,0.2222222222222222,15.055555555555555,271
Clay,18,0,0.0,59.111111111111114,1064
Real De Lou* (FR),18,3,0.16666666666666666,14.5,261
Bid Or Pass* (SE),18,0,0.0,63.77777777777778,1148
Stags Breath* (US),18,0,0.0,68.83333333333333,1239
Classico Merett,18,1,0.05555555555555555,37.833333333333336,681
Mr Drew,18,0,0.0,55.388888888888886,997
Dontyouforgetit,18,0,0.0,14.0,252
Shanachie* (US),18,0,0.0,61.72222222222222,1111
Vilman Vilikko,18,2,0.1111111111111111,17.055555555555557,307
Ogham* (US),18,2,0.1111111111111111,13.722222222222221,247
Casanova Muscles,18,1,0.05555555555555555,41.388888888888886,745
Royal Charm,18,1,0.05555555555555555,54.166666666666664,975
Like Di Poggio,18,1,0.05555555555555555,24.555555555555557,442
Prins Juventus,18,1,0.05555555555555555,19.444444444444443,350
Toss Out* (US),18,1,0.05555555555555555,38.94444444444444,701
Ottawa Launcher* (SE),18,3,0.16666666666666666,35.888888888888886,646
Intoxicated* (SE),18,0,0.0,44.44444444444444,800
Akseli-Poika,18,0,0.0,53.833333333333336,969
More Chips,17,0,0.0,40.588235294117645,690
Vieskervili,17,1,0.058823529411764705,24.235294117647058,412
Supergill,17,3,0.17647058823529413,19.88235294117647,338
Tibbe Lavec,17,1,0.058823529411764705,50.88235294117647,865
Wired Pine* (US),17,0,0.0,40.88235294117647,695
Venlan Wihuri,17,1,0.058823529411764705,15.0,255
Rombaldi,17,1,0.058823529411764705,20.294117647058822,345
Here Comes Joey,17,7,0.4117647058823529,13.411764705882353,228
Dats B.G.* (SE),17,1,0.058823529411764705,52.470588235294116,892
Rokki-Tähti,17,1,0.058823529411764705,52.76470588235294,897
Gladiolo* (IT),17,2,0.11764705882352941,24.823529411764707,422
Hallsta Goudrix,17,2,0.11764705882352941,12.117647058823529,206
Vieskerin Valo,17,0,0.0,52.64705882352941,895
El Hammer* (CA),17,0,0.0,30.058823529411764,511
Marvel Intensive,17,0,0.0,84.11764705882354,1430
Moe Odin* (NO),17,3,0.17647058823529413,10.882352941176471,185
Eclair d'Inverne,17,0,0.0,70.05882352941177,1191
Suikun Sisu,17,3,0.17647058823529413,17.88235294117647,304
Gustav Diamant,16,6,0.375,3.875,62
Always Alluring,16,0,0.0,42.3125,677
Kesaco Phedo* (FR),16,1,0.0625,37.375,598
Storstadsbusen,16,5,0.3125,18.375,294
Vara-Onni,16,1,0.0625,19.5,312
Hiprakka,16,0,0.0,68.875,1102
Very Pleasant,16,0,0.0,30.375,486
Cash Hall* (US),16,0,0.0,62.3125,997
El Glide,16,2,0.125,20.625,330
Ghibellino,16,7,0.4375,6.25,100
Lomar,16,0,0.0,56.6875,907
CR Excalibur* (US),16,0,0.0,57.375,918
Hey Joe,16,1,0.0625,36.4375,583
Shergar Boko,16,2,0.125,47.3125,757
Tasamasa,16,0,0.0,39.375,630
Smashing Victory* (SE),16,3,0.1875,7.3125,117
Singalo* (FR),16,2,0.125,15.5,248
Secret Fighter,16,1,0.0625,53.1875,851
Almahurst Om,16,0,0.0,34.125,546
Americanese,16,1,0.0625,46.6875,747
Rolling d'Heripre,16,2,0.125,18.8125,301
Vinning Kos,16,1,0.0625,30.0625,481
Big Cheese,16,3,0.1875,22.0,352
Royal Ripple* (US),16,2,0.125,37.875,606
Allstar Hall* (US),16,0,0.0,44.75,716
Höiby Piril,15,1,0.06666666666666667,49.266666666666666,739
Hemne Pil,15,0,0.0,39.266666666666666,589
Magnificent Rodney* (FR),15,0,0.0,70.8,1062
Lukas Farming* (SE),15,0,0.0,42.333333333333336,635
Gruccione Jet,15,6,0.4,4.2,63
Victory Cruise,15,1,0.06666666666666667,44.46666666666667,667
Baccarat du Pont,15,0,0.0,44.333333333333336,665
Rokeri,15,1,0.06666666666666667,41.53333333333333,623
Voje Spik,15,1,0.06666666666666667,10.266666666666667,154
Ludo de Castelle,15,2,0.13333333333333333,11.333333333333334,170
Pysteri,15,1,0.06666666666666667,56.2,843
Beddinge Boy* (SE),15,2,0.13333333333333333,19.6,294
Rieussec,15,0,0.0,18.666666666666668,280
Energetic* (SE),15,0,0.0,36.86666666666667,553
On Guard,15,1,0.06666666666666667,46.4,696
Passinto,15,0,0.0,33.6,504
Surtees Hanover,15,1,0.06666666666666667,23.733333333333334,356
Taurus Dream,15,1,0.06666666666666667,44.86666666666667,673
Mr Claude,15,0,0.0,25.0,375
Steinsvad Eld* (NO),14,0,0.0,15.285714285714286,214
Nu Pagadi* (DE),14,2,0.14285714285714285,20.642857142857142,289
Impressive Lavec,14,0,0.0,27.714285714285715,388
Muscle Bound,14,0,0.0,49.57142857142857,694
Lucky Toy Boy,14,0,0.0,44.142857142857146,618
Erovisku,14,0,0.0,66.0,924
Trö Faks,14,2,0.14285714285714285,17.214285714285715,241
Prime Prospect,14,0,0.0,53.857142857142854,754
Axwill,14,1,0.07142857142857142,47.857142857142854,670
Linkker,14,1,0.07142857142857142,20.142857142857142,282
Lönshults Danne,14,1,0.07142857142857142,39.214285714285715,549
Amor Even,14,0,0.0,41.285714285714285,578
Tähden Leevi,14,0,0.0,38.07142857142857,533
Othello Bourbon,14,1,0.07142857142857142,21.928571428571427,307
Uniclove,14,1,0.07142857142857142,13.285714285714286,186
Justice Hall,14,1,0.07142857142857142,13.857142857142858,194
Manofmanymissions* (US),14,2,0.14285714285714285,25.642857142857142,359
Kihi T,14,0,0.0,48.714285714285715,682
Gigant Neo* (SE),14,0,0.0,46.642857142857146,653
Express Road,14,1,0.07142857142857142,48.07142857142857,673
Aladin d'Ecajeul,14,5,0.35714285714285715,3.7857142857142856,53
Waterproof Pellini* (SE),14,0,0.0,66.64285714285714,933
Alm Viktor* (NO),14,0,0.0,33.857142857142854,474
Meadow Gallant,14,0,0.0,35.92857142857143,503
Barbeque,14,0,0.0,42.785714285714285,599
B.W.T.Magic,13,0,0.0,53.15384615384615,691
Frisli To Jo,13,0,0.0,43.0,559
Fairview,13,2,0.15384615384615385,16.923076923076923,220
Vipanteri,13,0,0.0,14.76923076923077,192
Keep on Flying,13,2,0.15384615384615385,13.615384615384615,177
Made It,13,0,0.0,59.38461538461539,772
Abano As* (DE),13,2,0.15384615384615385,30.923076923076923,402
Kirman Jokeri,13,1,0.07692307692307693,17.307692307692307,225
Utini,13,0,0.0,44.46153846153846,578
Jolly Rocket,13,0,0.0,63.23076923076923,822
Poika Kevätön,13,1,0.07692307692307693,31.615384615384617,411
Persugill,13,1,0.07692307692307693,16.692307692307693,217
Sopun Haaste,13,2,0.15384615384615385,13.23076923076923,172
Echo' dei Veltri,13,0,0.0,22.76923076923077,296
Järvsöfaks* (SE),13,0,0.0,55.15384615384615,717
Anythings Possible,13,2,0.15384615384615385,23.692307692307693,308
Eastender,13,0,0.0,91.6923076923077,1192
Pegasus Boko,13,0,0.0,63.69230769230769,828
C.C.'s Chuckie T.,12,0,0.0,20.666666666666668,248
Bundle of Muscle,12,1,0.08333333333333333,24.5,294
Lumjor,12,0,0.0,84.33333333333333,1012
Lexus Font,12,3,0.25,12.333333333333334,148
Tärner Jevi,12,0,0.0,39.833333333333336,478
Valley Victor,12,0,0.0,45.333333333333336,544
Jasmino Wood* (FR),12,1,0.08333333333333333,39.166666666666664,470
Gann Viking,12,0,0.0,21.416666666666668,257
Mr Flirt,12,0,0.0,110.5,1326
Napoleon Bar,12,1,0.08333333333333333,9.25,111
Euro Staro Crown,12,1,0.08333333333333333,35.166666666666664,422
Lester,12,1,0.08333333333333333,29.0,348
Re Dei Jet,12,0,0.0,52.5,630
Blue Chip Star,12,2,0.16666666666666666,28.166666666666668,338
Lundfrigg,12,0,0.0,37.416666666666664,449
Virgill Boko* (NL),12,1,0.08333333333333333,20.833333333333332,250
Sipper Sisu,12,2,0.16666666666666666,19.083333333333332,229
Pål Even,12,1,0.08333333333333333,27.25,327
Knows Nothing,12,0,0.0,31.0,372
Stargate Hanover,12,0,0.0,35.416666666666664,425
Lass Zefyr,12,0,0.0,32.5,390
Pacha du Pont,12,1,0.08333333333333333,14.75,177
Hipan Nestori,12,0,0.0,20.416666666666668,245
Mr Picolit,12,1,0.08333333333333333,14.75,177
Jocose* (SE),12,0,0.0,45.25,543
Garlands Dream* (US),12,0,0.0,40.333333333333336,484
Rainbow Zet,12,0,0.0,126.0,1512
Alesi Om,12,2,0.16666666666666666,25.416666666666668,305
Exploit Caf* (IT),12,0,0.0,17.416666666666668,209
Herbjörn,12,0,0.0,61.833333333333336,742
Weingartner* (US),12,1,0.08333333333333333,48.416666666666664,581
Klack Jo* (SE),11,0,0.0,36.81818181818182,405
Demon Sid* (SE),11,0,0.0,45.63636363636363,502
Silver Game,11,0,0.0,32.0,352
Tomorrowland* (US),11,0,0.0,34.45454545454545,379
Trispatti,11,1,0.09090909090909091,22.818181818181817,251
J.S. Vokkperi,11,1,0.09090909090909091,18.90909090909091,208
Big Ben U.S.* (US),11,0,0.0,56.18181818181818,618
Likely Lad,11,0,0.0,52.18181818181818,574
E.V.Cedar,11,1,0.09090909090909091,46.09090909090909,507
Glidemaster* (US),11,1,0.09090909090909091,51.81818181818182,570
Lukas Farming,11,0,0.0,42.81818181818182,471
Hermes Perrine,11,0,0.0,60.0,660
Frullino Jet,11,3,0.2727272727272727,7.363636363636363,81
Kjöstad Jo,11,0,0.0,67.0909090909091,738
Garros,11,0,0.0,52.63636363636363,579
Turhapuro,11,0,0.0,42.45454545454545,467
Farmbaron,11,0,0.0,20.727272727272727,228
Hissun Viku,11,1,0.09090909090909091,34.0,374
Koppa De Montfort* (FR),11,0,0.0,61.72727272727273,679
Slettvoll Rambo,11,1,0.09090909090909091,19.363636363636363,213
Rodrigo Jet,11,0,0.0,70.72727272727273,778
Fjeldstad Goggen,11,2,0.18181818181818182,26.545454545454547,292
Suikun-Sälli,11,0,0.0,32.18181818181818,354
Jewish Banker* (SE),11,3,0.2727272727272727,11.909090909090908,131
Tilikatti,11,0,0.0,35.09090909090909,386
Financial Dust,11,0,0.0,27.545454545454547,303
Napoleon,11,0,0.0,23.454545454545453,258
Giant Chill* (US),11,0,0.0,108.63636363636364,1195
Sarenne As,11,2,0.18181818181818182,16.636363636363637,183
Vikkeni,11,6,0.5454545454545454,6.636363636363637,73
Keisar,11,0,0.0,38.27272727272727,421
Dreamaster,11,0,0.0,26.272727272727273,289
Vornikka,11,1,0.09090909090909091,18.0,198
Big Smoker,11,0,0.0,59.72727272727273,657
Star Sniper,11,2,0.18181818181818182,12.454545454545455,137
Liinan-Veto,10,0,0.0,102.1,1021
R.B.Caesar,10,0,0.0,31.1,311
Hard Livin* (SE),10,1,0.1,12.3,123
Iceland,10,2,0.2,10.6,106
Kasper Mollyn,10,0,0.0,38.7,387
Johnny William,10,3,0.3,17.6,176
Naglo* (SE),10,2,0.2,6.8,68
Giuseppe Bi,10,1,0.1,20.7,207
Jupiter Hornline* (SE),10,0,0.0,89.8,898
Myr Faksen,10,1,0.1,10.6,106
Peli-Veitikka,10,1,0.1,23.8,238
Feast Your Eyes,10,3,0.3,9.6,96
Yankee Slide* (US),10,1,0.1,16.9,169
Viking Sid,10,1,0.1,55.9,559
Trixton* (US),10,1,0.1,11.5,115
Juppe Hoo,10,0,0.0,33.0,330
Indian Silver,10,0,0.0,73.0,730
Giant Cat,10,0,0.0,47.2,472
Väinö,10,0,0.0,24.3,243
Up Di Poggio* (IT),10,0,0.0,78.6,786
In Love With You,10,1,0.1,28.7,287
Univers de Pan,10,1,0.1,37.6,376
Troll Jokeren,10,2,0.2,5.0,50
Jillis Joker,10,3,0.3,11.6,116
Oatcake,10,2,0.2,8.9,89
Iglesias* (IT),10,0,0.0,14.8,148
Lome Brage,10,0,0.0,29.5,295
Muscles Wiking BR* (NO),10,0,0.0,9.7,97
Sancho Turgot,10,1,0.1,20.6,206
Simb Chaplin,10,0,0.0,37.6,376
P.J.Winner,10,0,0.0,47.3,473
Radetzky Boshoeve* (DE),10,3,0.3,7.0,70
Sugar Fine Photo,10,0,0.0,36.2,362
Force Within,10,0,0.0,58.9,589
Harlekin Sund,9,3,0.07455429025635434,19.333333333333332,174
Sheridan Hanover* (US),9,0,0.07390184869080543,28.555555555555557,257
Helinän Ari,9,0,0.07404486825328131,113.88888888888889,1025
Kapitano,9,0,0.07482167630616417,65.44444444444444,589
Finders Keepers,9,1,0.07587908692814363,16.11111111111111,145
Fire Lane,9,0,0.07483862214203053,77.66666666666667,699
Wishing Stone* (US),9,2,0.0759724267269226,11.222222222222221,101
Next Chance,9,1,0.07603662107535773,19.333333333333332,174
Joker de Rozoy,9,3,0.07608860299428938,18.444444444444443,166
Texas Charm,9,3,0.07422182888568836,6.222222222222222,56
Eilean Donon,9,2,0.07616865454050174,8.222222222222221,74
First Wise As* (IT),9,0,0.07433808025810387,21.555555555555557,194
The Liquidator* (US),9,0,0.07394446798070786,39.22222222222222,353
No Frosting* (US),9,0,0.07634676425102448,22.88888888888889,206
Ludo De Castelle* (FR),9,6,0.07626254250383734,4.666666666666667,42
Tuska-Poika,9,0,0.07554867212395842,18.555555555555557,167
Calvin Capar* (IT),9,0,0.07442768123171523,60.77777777777778,547
Timberland* (DE),9,0,0.07381668379013909,51.22222222222222,461
Brioni* (DE),9,0,0.07597993873857549,9.444444444444445,85
Couch Doctor* (US),9,2,0.07480011432585756,13.11111111111111,118
Skogans Orlov* (SE),9,0,0.07536438366972148,15.777777777777779,142
Lucky Po* (SE),9,0,0.07540784640540182,91.44444444444444,823
El Titan* (CA),9,2,0.07625589373010665,11.0,99
Scarly,9,0,0.07621194220634289,64.88888888888889,584
Polar Svarten,9,0,0.07395358325150828,18.22222222222222,164
Foggy Forest,9,1,0.07571154087358327,25.555555555555557,230
November* (DE),9,1,0.07473228679883988,24.333333333333332,219
Lutin Malin,9,1,0.07407821629425126,24.88888888888889,224
Boston Hawk,8,0,0.07624859706462145,14.875,119
Ray Gun* (US),8,1,0.07458098744789035,71.875,575
Home Alone* (SE),8,0,0.07398711184920885,57.125,457
Monster Of Speed,8,0,0.07375817684360264,133.375,1067
Guli Storm,8,2,0.07643484819437964,2.5,20
Timberland,8,0,0.07488807297809436,38.375,307
Yield Boko* (SE),8,0,0.07596055437848662,31.25,250
Quick Wood* (FR),8,0,0.07443481423060203,40.75,326
Super Tilly* (SE),8,0,0.07497447397809603,33.5,268
Pegasus Spur,8,0,0.07516178994294263,23.625,189
Prince Ideal* (NO),8,0,0.07438095112330462,89.5,716
Armbro Trick,8,0,0.07408840422935126,38.375,307
Lilas Bleu,8,0,0.07403017280996768,70.0,560
Anderberg,8,0,0.07438941631796095,54.375,435
Likable River,8,0,0.07407286610455245,66.75,534
Ekoloki,8,0,0.076159448687352,45.625,365
Malabar Circle Ås,8,0,0.07629402811670596,96.75,774
All Cantab,8,0,0.07517530337525388,32.5,260
Prince De Charme* (FR),8,3,0.07407557586512926,5.5,44
Obrillant,8,1,0.07606136867189059,27.0,216
Everest Ås,8,0,0.0747954874894991,40.5,324
Gusten Scoop* (SE),8,0,0.07425241264175779,55.625,445
Passing Renka,8,1,0.07492729132558855,11.75,94
Irish de l'Iton,8,0,0.07468657387603485,25.25,202
Lavinium Sas,8,2,0.07607273080373704,3.5,28
Virago* (IT),8,0,0.07413327205149989,85.25,682
Jimas Bolero,8,1,0.07487459906504242,54.0,432
Arrow Tilly* (SE),8,0,0.07596960423601677,59.25,474
Express Merett,8,2,0.07408399042706867,3.0,24
Tiego d'Etang,8,0,0.07593614626668005,37.75,302
Luvsamust* (US),8,0,0.07438259533136574,65.875,527
Super Anders* (US),8,0,0.07377413815106695,54.25,434
M.A. Miku,8,1,0.07432610011795625,10.375,83
Qwerty* (FR),8,1,0.07610093095889339,46.125,369
Normandy,8,0,0.07605590411270675,35.75,286
American Park* (US),8,0,0.07420488251919619,31.25,250
Agassi Hall,8,0,0.07585876857509692,65.5,524
E.V. Cane* (GB),8,0,0.07475700186803284,55.75,446
Spiker,8,0,0.07607873219178223,63.75,510
Ouragan de Celland,8,0,0.07385925396533523,19.25,154
Echo* (FR),8,1,0.07380071327776849,15.875,127
Rolling D'Heripre* (FR),8,0,0.07398253944115579,57.875,463
Titan d'Occagnes,8,1,0.07596166854428267,26.0,208
Hatchet Man* (US),8,1,0.07573710380922108,15.5,124
Järvsö Björn,8,1,0.07598993271226868,27.375,219
Beer Budget,8,1,0.07430819006626743,15.25,122
Big Apple Deli,8,3,0.07402520526551633,26.75,214
Son of Kleva,8,0,0.0738542637679146,69.375,555
Oliver Spender,8,0,0.07417602480354804,93.25,746
Lionhunter,8,1,0.07609253142164657,3.125,25
Paxton Press,8,0,0.07584288464391913,45.875,367
H.G.Elessar,8,0,0.07594608752856975,54.25,434
Daddys Image* (CA),8,0,0.07472024597262635,46.375,371
Beddinge Boy,8,2,0.0744050520538878,11.625,93
Pim Quick,7,1,0.07638840584716346,25.142857142857142,176
T.J. Prince,7,0,0.07598285340022153,20.571428571428573,144
Millstone's Eager,7,0,0.07578928181056546,32.285714285714285,226
Perttuli,7,0,0.07639410442630545,44.142857142857146,309
Domingo Ors,7,0,0.07583535258409282,70.57142857142857,494
Tucson* (FR),7,0,0.07601639357245361,18.142857142857142,127
Top Billing,7,0,0.0760668633232486,33.142857142857146,232
Year in Review,7,0,0.07633475295112381,18.285714285714285,128
Select Yankee* (US),7,0,0.07574559922738934,31.142857142857142,218
Sebastian K.* (SE),7,0,0.07602147089113022,6.428571428571429,45
Living Image* (US),7,0,0.07584033649842435,18.285714285714285,128
Pim Quick* (FR),7,0,0.07592581772060696,39.57142857142857,277
Galliano Knick* (SE),7,0,0.0759925195988128,35.57142857142857,249
Nunsuchthing,7,0,0.07611308414871996,53.0,371
Symphonic Hanover* (US),7,0,0.07599279593352756,56.42857142857143,395
Tekno Odin* (NO),7,0,0.0762046497464286,12.285714285714286,86
H.P.Paque,7,0,0.07621858714792734,29.0,203
Samuel Oaks* (CA),7,0,0.07466167267036952,52.0,364
Frank the Hands,7,1,0.07442638585853949,26.571428571428573,186
Windsong's Legacy,7,0,0.0740297803104829,49.0,343
One du Rib,7,0,0.07476333723327953,57.285714285714285,401
Kiwi,7,0,0.07398211301324871,33.57142857142857,235
King Arnie* (DE),7,0,0.07406256690374585,58.42857142857143,409
Esterel Sunset,7,0,0.07474781246438457,16.571428571428573,116
Raikkonen,7,0,0.07420569242972241,21.142857142857142,148
Fakse* (SE),7,1,0.07461048754661762,10.714285714285714,75
Bol Elden,7,0,0.07429391333828143,90.85714285714286,636
In Dix Huit,7,0,0.07451576771854168,50.142857142857146,351
Malabar Circle Ås* (SE),7,0,0.07447060376991115,51.0,357
Leonardo Grif,7,1,0.07520513584256372,8.285714285714286,58
Mirage du Goutier,7,0,0.07502009704208372,33.857142857142854,237
Smok'n Lantern* (US),7,0,0.0742952341023355,55.714285714285715,390
Panne de Moteur* (SE),6,1,0.07599181091409417,5.166666666666667,31
Lomar* (SE),6,0,0.07417926413929926,39.333333333333336,236
Mr Drew R.L.,6,0,0.07608238453065935,54.166666666666664,325
Neo Holmsminde,6,0,0.07425109263895101,44.5,267
Aaby Pil,6,0,0.07484257852593441,92.16666666666667,553
Varma-Tili,6,0,0.07545649244862526,80.5,483
Oeillet Rouge* (FR),6,0,0.07475632952298396,17.833333333333332,107
Buzzin Brian,6,0,0.07371566492611353,24.333333333333332,146
Marine Svarten,6,0,0.07526723486743299,47.0,282
Titus Boko,6,0,0.0748817816703708,53.666666666666664,322
Shorthanded Goal* (SE),6,0,0.07422743424686194,16.666666666666668,100
Alf Palema* (US),6,0,0.0748314436765323,48.5,291
Frego Filur* (SE),6,0,0.07456748438376654,63.833333333333336,383
Briskeby Rauen,6,3,0.07484569168272699,3.8333333333333335,23
Algiers Hall* (US),6,1,0.07589082493312278,20.0,120
Tin Tveiten,6,1,0.07486482606181939,7.5,45
Bork Odin* (NO),6,1,0.0762114873111728,34.666666666666664,208
Expo Bi,6,1,0.07602515058305097,6.0,36
Simo Sukkela,6,0,0.07603634458128039,58.833333333333336,353
Drillo,6,0,0.0757019418214946,73.0,438
Dell Ridge Image,6,0,0.07410527888004559,55.166666666666664,331
Tekno Kongen,6,1,0.07604219595950465,22.5,135
Lilium Madrik,6,0,0.07522125437304311,47.333333333333336,284
Fräkke Frederik* (DK),6,0,0.07461413487897252,62.333333333333336,374
Gonagas,6,0,0.07612475329869164,19.5,117
Hågå Odin,6,0,0.07589009741061228,57.166666666666664,343
Trophy Catch* (US),6,1,0.07611908223007478,14.666666666666666,88
Istan Viliste,6,0,0.0761618080843941,63.5,381
Viveur* (IT),6,0,0.0742553423626953,54.833333333333336,329
John Paul's Legacy* (US),6,0,0.0761131236671039,43.0,258
Mr Maniac,6,0,0.0755948180923069,36.0,216
Bork Rigel,6,0,0.07452569726322954,32.166666666666664,193
Giant Magic,6,0,0.0739050137146666,65.83333333333333,395
Armbro Goal,6,0,0.07593386332607399,24.833333333333332,149
Demilo Crown,6,0,0.07399623237679749,32.5,195
Power Jet* (FR),6,0,0.07617318552080012,16.666666666666668,100
Master Thoj,6,1,0.07430321662593649,16.0,96
Staro Yzerman,5,1,0.07433939213989173,48.6,243
To the Gate,5,1,0.07426960429827123,38.8,194
Ruudun Humu,5,0,0.07428110783069418,38.0,190
Habitat,5,0,0.07649940704996865,18.8,94
Good Quito* (FR),5,0,0.0745711296139126,101.8,509
Jetstile,5,0,0.0746435268593916,33.0,165
Brillantissime,5,0,0.07643816100325258,18.4,92
Ozio Royal,5,0,0.07448024120566332,27.0,135
Juliano Rags,5,0,0.07429687641560213,22.4,112
Libeccio Grif,5,1,0.07591189826413129,16.8,84
Suikku,5,0,0.0739394720259212,41.4,207
Sterk Odd,5,0,0.07367317751117052,55.2,276
Dancer's Victory* (US),5,0,0.07389685561553161,69.2,346
Gerd November,5,0,0.07471391425888702,28.0,140
Jaguaari,5,0,0.07594323945440576,17.8,89
Åsajerven* (NO),5,1,0.07605027460018779,25.8,129
Silver Pine,5,0,0.07591677307913303,22.2,111
Sahara Dynamite* (SE),5,0,0.07433972351849463,47.0,235
Opium,5,1,0.07411829811626283,29.2,146
Dalelden,5,0,0.07404570197907498,16.6,83
A.T. Veli,5,1,0.07490086696952915,13.0,65
Mandarino Blue,5,0,0.0741365095201988,24.6,123
Rocklyn* (FR),5,0,0.07600644158889085,12.4,62
Bowl Winner K* (US),5,0,0.07606921493595413,64.2,321
Dream Director,5,1,0.07427559516406103,10.4,52
Mr Vic,5,0,0.07594191278286751,13.4,67
Viuru,5,0,0.07635007324219807,57.4,287
Photocopy,5,1,0.07601341600316557,26.4,132
Berndt Hanover,5,0,0.07470473015172499,71.2,356
Googoo Gaagaa* (US),5,0,0.07602667280818014,12.6,63
Krembest,5,0,0.07460050465370896,67.4,337
Victor Victor* (US),5,0,0.07479944159306642,180.0,900
Kanonis Lobell,5,0,0.07616072775810213,95.6,478
From Above U.S.,5,1,0.07482393602672721,9.8,49
Rallaati,5,0,0.07606945402512408,25.0,125
Tangen Scott* (NO),5,0,0.07639079352683244,43.6,218
Formula One* (US),5,0,0.07601669116057237,14.0,70
Nikolai H,5,0,0.0757156445206398,80.6,403
Slåttodin,5,1,0.07576421420894149,6.8,34
Solvato,5,0,0.07597287750572478,13.0,65
Rancho Gede,5,0,0.07511846902654902,26.8,134
Meaulnes Du Corta* (FR),5,0,0.07550512822071695,58.2,291
Veeran Turo,5,0,0.0759776544813947,26.2,131
Shim,5,0,0.07493126102479453,56.6,283
Yorktown Gunner* (CA),5,0,0.07506574916882748,22.4,112
Lome Mix,5,1,0.07612626133834717,27.0,135
Vänskä,5,1,0.07415656449598679,22.2,111
Yankee Granite,5,0,0.07409054394080739,77.8,389
Suikun Lukko,5,0,0.07566790309786363,51.2,256
Mörtvedt Jerkeld* (NO),5,0,0.07569345129982094,78.6,393
Tamin Sandy,5,0,0.07531838532237212,31.8,159
Park Avenue Joe,4,0,0.07407239895232755,59.0,236
Eng Svarten,4,0,0.07634233605338164,15.75,63
Gliding Myth,4,1,0.07456533196083207,9.75,39
Raino,4,0,0.07621711469353414,33.25,133
Doni,4,0,0.0745587410563263,55.5,222
Alv Peacepipe,4,1,0.07605482319609706,6.75,27
O'grady,4,0,0.07442549186846573,2.5,10
Hurja-Ero,4,0,0.07456096027071367,53.25,213
Rhoder Herold,4,0,0.07377118658415706,15.0,60
Boss Boy,4,0,0.07563841371981112,41.5,166
Thechiefofmontana,4,0,0.07511379885225737,28.0,112
Gladiolo,4,0,0.07592205569636165,10.0,40
Myrskyn Tähti,4,0,0.07432394583982377,97.75,391
Singinginthebreeze,4,0,0.07594024963192546,39.25,157
L.of A Prince* (SE),4,0,0.07408757002274688,107.25,429
Jeanbat Du Vivier* (FR),4,0,0.0740724733787127,47.25,189
Briskeby Philip* (NO),4,1,0.07615701820209068,5.0,20
Arbok,4,0,0.07424995050711254,54.75,219
Big Challenger,4,0,0.07526463456587647,50.75,203
Armbro Embellish,4,0,0.07608562146820867,5.0,20
Jonkkari,4,0,0.07608383579956195,38.25,153
El Pat* (CA),4,0,0.07598703601695155,36.5,146
Danish Delight,4,0,0.07608202691359715,71.75,287
Villevalle Victory,4,0,0.07438692175415736,23.5,94
Monster Drive,4,0,0.07654352435507243,26.5,106
Dexter Frontline* (SE),4,0,0.07566556861458919,33.0,132
Västerbo Prestige,4,2,0.07603314570111312,3.5,14
Catherines Cavalli,4,2,0.07492496608886583,6.25,25
Archipelago,4,0,0.0760605300828103,47.5,190
Garciaparra,4,0,0.07413383108348089,66.0,264
The Lindy Reserve,4,0,0.07592333349040335,35.0,140
Quite Easy,4,0,0.07638304546725533,8.0,32
Lysing,4,0,0.07569256727365252,35.5,142
Armed Hall* (EE),4,1,0.07583847439002385,16.0,64
Luomus Jr,4,0,0.07569494458553182,147.5,590
Vokkerin Lupaus,4,0,0.07411558402041436,14.5,58
Onyx Jiel* (FR),4,0,0.07402477859168774,84.75,339
Vanishing Point,4,0,0.07481919404483231,20.5,82
E L Mikko,4,0,0.07569963188612848,4.0,16
Pulssi,4,0,0.07481668978905501,12.75,51
Tähti-Optio,4,0,0.07602375646564503,14.0,56
Uranus de Tyrole,4,0,0.07637877529999988,61.75,247
Millex,4,0,0.07480645334471742,16.25,65
Wired Pine,4,0,0.07415373619286277,75.5,302
Jasmino Wood,4,0,0.07395061961625833,18.75,75
Panhandle Hall,4,0,0.07606328807942166,67.25,269
Rolex K.,4,0,0.07621002750105346,55.75,223
Village Mystic,4,1,0.07571100553662351,4.75,19
Jokivarren Kunkku,4,0,0.07634531186413702,3.25,13
Southwind Spirit,4,0,0.07606735796523516,24.5,98
Millenium Wood,4,0,0.07479091962266853,107.5,430
Beanie M.M.* (SE),4,0,0.07655800907531798,22.5,90
Marion Mad Money* (US),3,0,0.07609976564910392,20.333333333333332,61
Uxer Lb,3,0,0.07609083889631596,80.0,240
Bokli Eld* (NO),3,0,0.07615820385222755,66.33333333333333,199
King Cane* (SE),3,0,0.07648743760632602,107.33333333333333,322
Sacramento Ås,3,0,0.07390203236793501,31.333333333333332,94
Gallant Baron* (CA),3,0,0.07430070196182197,49.333333333333336,148
Voiveikko,3,0,0.07415088651513965,82.0,246
Booster Winner,3,0,0.07607143610868376,27.0,81
Rite On Track* (SE),3,0,0.0760753004194337,36.0,108
Edgestone Hanover,3,0,0.0739476348298423,104.66666666666667,314
Soir Des Tibur,3,1,0.07634092341876095,29.0,87
Magnetic Line,3,0,0.07598694949989453,23.0,69
Thuli Elden,3,0,0.07615861192274832,61.666666666666664,185
Haugs Gutten,3,0,0.07427292903375632,38.666666666666664,116
Jailhouse Joey,3,0,0.0761107311798364,26.666666666666668,80
Dahir De Prelong* (FR),3,0,0.0742981655128468,21.666666666666668,65
Crown Kemp* (SE),3,0,0.07648357751667986,24.333333333333332,73
Bossi Corner,3,1,0.07433675873236348,8.333333333333334,25
Gros Grain,3,0,0.07611658455207916,60.0,180
Noves Boy,3,0,0.07531324487889159,79.66666666666667,239
E.L.Stewart,3,0,0.07419709541955051,49.333333333333336,148
Joint Venture,3,0,0.07407531825738292,35.333333333333336,106
Ritmo P.D.,3,0,0.07598935978999909,26.0,78
Funny Farm,3,0,0.07588808428430707,30.333333333333332,91
Lex Lodney,3,1,0.07606463151142996,7.666666666666667,23
Kodac,3,0,0.07421880221116255,43.333333333333336,130
David Raymond,3,0,0.0740418977623805,63.666666666666664,191
Ailov,3,0,0.07427024130236763,35.0,105
Uncle Peter,3,0,0.07607895014493156,55.333333333333336,166
Up di Poggio,3,0,0.07457366660956881,6.333333333333333,19
Super Light* (SE),3,0,0.07471768182408751,72.33333333333333,217
Earthquake,3,0,0.07481677096043812,23.0,69
General du Pommeau,3,0,0.07480904531672063,5.666666666666667,17
Kihisee,3,0,0.07658459761293289,5.333333333333333,16
Top Love,3,0,0.0759019228979829,30.666666666666668,92
Tähen Topelius,3,0,0.07658286033266129,10.666666666666666,32
H.G.Balder* (NO),3,0,0.07569112589651435,25.0,75
Vokkerin Meno,3,0,0.07475404928020657,12.666666666666666,38
Eekker,3,0,0.0759441645666678,13.0,39
Attila di Mar* (IT),3,0,0.07590411264161592,99.0,297
Poikapassi,3,0,0.07481161539885506,45.0,135
Manhattan Sassy,3,0,0.07655945997376337,19.0,57
Jetn Lindy* (US),3,1,0.07571329472555723,32.333333333333336,97
Northern Ensign,3,0,0.07569729946524514,17.333333333333332,52
Kiraus,3,0,0.07465942991648711,44.0,132
Lass Drop,3,0,0.07456315724767786,3.6666666666666665,11
No Chip,3,0,0.07597879263628939,49.333333333333336,148
Super Cent* (SE),3,0,0.07649805241269328,39.333333333333336,118
Picture Ås,3,0,0.07591472004875838,35.0,105
Supertoy,3,1,0.07589758609761069,43.666666666666664,131
Gam Faks,3,0,0.07599071489353697,59.666666666666664,179
Jaaritus,3,0,0.07559224113902414,104.66666666666667,314
Le Touquet,3,0,0.07589543896697008,15.0,45
Marco di Jesolo,3,0,0.07590489565982349,6.666666666666667,20
Beaumont Hanover* (US),3,0,0.07443231678873255,76.33333333333333,229
Diamond Circle,3,0,0.07447774088240745,31.666666666666668,95
Kazire de Guez,3,0,0.07536182153074718,71.66666666666667,215
Tangen Tinn,3,0,0.07452319405526289,19.666666666666668,59
Karku,2,2,0.07657227760112256,7.5,15
Valley Victor* (US),2,0,0.07588407371670486,101.0,202
Juvel Tröjborg,2,0,0.07481433841721778,70.5,141
Feseth Lynet* (NO),2,0,0.07588634674726104,2.5,5
Jasmin De Flore* (FR),2,0,0.07481188382386966,10.0,20
Spendic,2,0,0.07590958660705367,49.0,98
Ever To Excel,2,0,0.07638022243163044,24.0,48
Here Comes Herbie,2,0,0.07471509580919299,22.0,44
Golden Globe,2,0,0.07590725239669577,21.5,43
Pablo As,2,0,0.07414801548839624,34.0,68
Royal Gull,2,0,0.0747296457179472,8.0,16
Kosar,2,0,0.07385163271953335,80.0,160
Dominik,2,0,0.07657382289999883,35.5,71
Voltigeur de Myrt,2,1,0.07657087474620453,6.0,12
Rubis de Padd,2,0,0.07648989113792647,54.0,108
Nahar De Beval* (FR),2,0,0.07657931548314127,6.0,12
Hr Siem* (DK),2,0,0.07481918142728163,38.0,76
Astro Amour M.,2,0,0.0748215697914763,20.5,41
Tequilaracing Rose,2,0,0.07620461620937116,63.0,126
The Bank,2,0,0.07660670348153512,8.5,17
Pondus,2,0,0.07545133420609698,14.5,29
V.G. Majestic,2,0,0.07545392438057082,57.5,115
Elkhorn Creek* (US),2,0,0.07550000830355527,38.5,77
Thewayiam Ås,2,0,0.07516844997252334,63.0,126
Rydens Sensation,2,0,0.07516612084428541,37.5,75
Sleipner Tor,2,0,0.07611529994948227,37.5,75
Garden Spot,2,2,0.07611432374276492,8.0,16
Jasmin de Flore,2,0,0.07511614507716942,6.0,12
V.T. Valtteri,2,0,0.07564355139216038,75.5,151
Steinlager* (SE),2,0,0.07565109128271383,16.0,32
Hr Siem,2,0,0.07405685937682516,85.5,171
Mr McNally,2,0,0.0756608323369534,12.0,24
Zoogin,2,0,0.07405972380344339,79.0,158
San Pellegrino* (US),2,0,0.07510903968161226,15.5,31
Magic Tonight,2,0,0.0765863114267269,19.0,38
Kaskumma,2,0,0.07501771185236251,92.5,185
French Knock Out,2,0,0.0760777574591061,41.5,83
Horgen Tore* (NO),2,0,0.07607403612145265,37.5,75
Texas Charm* (FR),2,0,0.07607274800857858,6.5,13
Readly Express,2,0,0.07658109961353207,3.5,7
Hovstein Friggen,2,0,0.07584064930099838,29.5,59
Brads Photo,2,0,0.07606595119549665,7.5,15
Sodin,2,0,0.07575930982889853,42.5,85
Valley Sentry* (US),2,0,0.07588859716168082,24.0,48
Oktan Spee,2,0,0.07402748644894455,14.5,29
Next Kinney,2,0,0.07621042465355128,52.5,105
Temuli,2,0,0.0742476765690919,4.5,9
Duka,2,0,0.07598083447540306,76.0,152
Valley Sentry,2,1,0.07607458762627628,20.5,41
Bar Code,2,0,0.07654880568608004,77.5,155
Pad d'Urzy,2,0,0.07606432642246642,28.0,56
Greatest Image,2,0,0.07419971278596527,29.0,58
Spang Best,2,0,0.07420230849446408,83.0,166
Brillantissime* (FR),2,0,0.0765694480710169,22.0,44
Aamos Paukku,2,0,0.07427895603516377,40.5,81
Severino* (FR),2,0,0.07425025356356674,25.5,51
Zlatan Liss,2,0,0.07592458750776815,24.0,48
Don't Blink Twice,2,0,0.07430599922534296,49.0,98
Qvadrigo* (SE),2,0,0.07648224298768351,275.0,550
Musta-Hulmu,2,0,0.0764966739237737,10.5,21
Lets Go* (DE),2,0,0.07598988573360353,17.5,35
K.P. Salama,2,2,0.07649560381223591,4.0,8
Allison Hollow,2,0,0.07615697866091646,30.5,61
Mr Exquisite* (US),2,0,0.07649450952197831,60.0,120
Kashner Hanover,2,0,0.07616022173976905,52.5,105
Racer Bourbon* (FR),2,0,0.07424848694669457,74.5,149
Frosts Oilbaron,2,0,0.07594139058065204,24.5,49
Pinball Wizard,2,0,0.07655503602440902,9.0,18
Bob Heyden,2,0,0.0747932146696721,11.0,22
Adam's Peak,2,0,0.07603457437228638,17.0,34
Duran Hanover* (US),2,0,0.07588662333171839,67.5,135
Berto Primo,2,0,0.07413113110606946,17.0,34
Kepler* (FR),2,0,0.0765665233715068,2.0,4
Tino Kustaa,2,2,0.07606023232307209,2.0,4
Ghiaccio del Nord,2,0,0.07656502540296062,19.0,38
Ponuveikko,2,0,0.07422204341504281,41.5,83
Turnpike Taylor,2,0,0.07638442131551486,47.5,95
Marion Montana,2,1,0.07656366982623813,24.5,49
Hövding Lavec* (SE),2,0,0.07649108186103619,5.0,10
Giant Value,2,0,0.07608738389215683,62.0,124
Hoof Beats,2,0,0.07599052910468451,3.5,7
Delgado* (IT),2,0,0.07655653441624259,17.5,35
Sherbrooke Hanover,2,0,0.07598816657909091,7.0,14
Staro Showbiz,2,0,0.07456867632739515,29.5,59
Kenavo Paris,1,0,0.0764933910812281,8.0,8
Tuxi Titan,1,0,0.07660315171896774,22.0,22
Vino Camielle* (US),1,0,0.07615932169447413,8.0,8
Obelix,1,0,0.07629256972728847,16.0,16
Ja El Tomcat,1,0,0.07659764873677212,3.0,3
Trö Fyr* (NO),1,0,0.07648867637698811,5.0,5
Pomerol De Laumac* (FR),1,0,0.07620854405617386,25.0,25
Credit Fayline,1,1,0.0765960999637056,12.0,12
Othello Vivant,1,0,0.07648488814812801,39.0,39
Solero Briljant,1,0,0.0766013407424615,58.0,58
Fjord Jerven,1,0,0.0765995064058864,114.0,114
Calin* (IT),1,0,0.0766049393078515,139.0,139
Moni Chip,1,0,0.07648617485402064,13.0,13
Ogham,1,0,0.07649224851818799,1.0,1
Lome Elden* (NO),1,0,0.07633802697951836,8.0,8
Yankee Daylight,1,0,0.07638164583000068,40.0,40
Evidence Ås* (SE),1,0,0.07659452753014655,39.0,39
Tapsan Tahti,1,0,0.07659293146388377,11.0,11
Cantab Hall D.E.,1,0,0.07656799760348422,5.0,5
Look De Star,1,0,0.07638577334687548,37.0,37
Real de Lou,1,0,0.0765622903771559,4.0,4
Ottawa Launcher,1,0,0.07638710153340914,16.0,16
Pil Jahn,1,0,0.07656088708368278,142.0,142
Pickaflick* (US),1,0,0.07657567709883871,71.0,71
Strong Knight,1,0,0.07657750796906083,79.0,79
Pelle Babs* (SE),1,0,0.07655351392766475,52.0,52
Truculent,1,0,0.07655196815383312,7.0,7
Nordlirappen,1,0,0.07655039873071323,29.0,29
Blue Suede Victory,1,0,0.07403890609789138,23.0,23
Self Timer* (US),1,1,0.0765475212487656,55.0,55
Broadway Legs,1,0,0.07654621286247452,26.0,26
Paul Trot,1,0,0.0765448805552404,10.0,10
Rapp Best,1,0,0.07634383578899313,7.0,7
D.J.Seabrook,1,0,0.07658800174639921,26.0,26
Blixtsnabb,1,0,0.07658966854428166,39.0,39
Mago d'Amore,1,0,0.07659131179268197,5.0,5
Glazier's Ensign,1,0,0.07633948705153096,13.0,13
Super Anders,1,0,0.07531582613602102,4.0,4
Ravn Jahn* (NO),1,0,0.07620888353241044,23.0,23
Matador de Vrie* (FR),1,0,0.07620703700426364,6.0,6
Tsar d'Inverne,1,0,0.0759105454559492,8.0,8
Smooth Blend* (US),1,0,0.07482872214079185,44.0,44
Rigel Jo,1,0,0.07588886125363277,260.0,260
Having Said That,1,0,0.07589107651806841,13.0,13
Possess the Will,1,0,0.07589326909814784,34.0,34
Boardwalk Hall,1,1,0.07489841433096663,1.0,1
Odins Eld,1,0,0.07589971046312176,5.0,5
Succeed,1,0,0.07590627966711283,8.0,8
Duke of York,1,0,0.07590842394754224,74.0,74
Lykke Gutten,1,0,0.07591264416535526,46.0,46
Equinox Bi* (US),1,0,0.07471130708470362,73.0,73
Köppinen,1,0,0.07465716494522337,13.0,13
Rombaldi* (FR),1,0,0.0760043609265711,37.0,37
Made Unbeatable,1,0,0.0760705174868469,3.0,3
Gator Trout,1,0,0.07607256402625165,30.0,30
Järvsöviking* (SE),1,0,0.07607658825978181,7.0,7
Fakir Lavec* (SE),1,0,0.0745135510615893,56.0,56
Pine Spirit,1,0,0.07612260689316158,28.0,28
In Love With You* (FR),1,0,0.07608442526271526,20.0,20
Cecena Ås,1,0,0.07590251642317945,30.0,30
Viggvar,1,0,0.07583298958554273,111.0,111
Frosts Officer,1,0,0.07594221859206422,10.0,10
Quopeck* (FR),1,0,0.07565356004218012,18.0,18
Double Eagle* (US),1,0,0.07531064157727582,24.0,24
Jewish Banker,1,0,0.07521865706808852,4.0,4
Storm Jo,1,1,0.07517304126452924,2.0,2
Yankee Daylight* (US),1,0,0.07517075678810799,51.0,51
Schuvar,1,0,0.07550257933448004,32.0,32
Dollari Express,1,0,0.07564099364621536,23.0,23
Repeat Love* (FR),1,0,0.0756460869312051,13.0,13
Biesolo* (FR),1,0,0.07564860023688534,40.0,40
Laetenter Diem* (FR),1,0,0.07565600648875055,14.0,14
The Firm* (IT),1,0,0.07481416356501075,37.0,37
Koitos,1,0,0.07565843059586833,34.0,34
Super Singel,1,0,0.07511143037826272,25.0,25
Jain de Beval,1,0,0.07506336122722912,28.0,28
Antony Somolli,1,0,0.07566321168540253,20.0,20
Kyril Hanover,1,0,0.07488574033592629,52.0,52
Wikvinn* (SE),1,0,0.0757086938344859,37.0,37
Face of Speed,1,0,0.0747517468318176,85.0,85
Cigar Bar,1,0,0.07576177319647334,9.0,9
Saras Tofte,1,0,0.07608652556949742,34.0,34
Keaton Zet,1,0,0.07430378622462246,165.0,165
Dulal* (IT),1,1,0.0762058385741096,3.0,3
Caramba Kosmos,1,0,0.07608126370871406,29.0,29
Singalo,1,0,0.07604071870361237,15.0,15
Blue Porsche,1,0,0.07593338807631514,8.0,8
Ladakh Jiel,1,0,0.07593477899648056,10.0,10
Prince d'Espace,1,0,0.07606192092728531,17.0,17
Baccarat du Pont* (FR),1,0,0.07606874105920024,1.0,1
Nem* (FR),1,0,0.07607010044961635,11.0,11
Håkon Jo * (NO),1,0,0.07607654087462512,18.0,18
Engli Svarten,1,0,0.07608011890413212,191.0,191
Remelden,1,0,0.07588910287962919,13.0,13
Beardmore,1,0,0.07603769354424197,21.0,21
Pascia' Lest,1,0,0.0760653125698448,1.0,1
Jet Fortuna,1,0,0.07606638405519889,16.0,16
Carpe Diem,1,0,0.0760674314782741,16.0,16
Nobody du Chene,1,0,0.0760684548109606,3.0,3
Akim du Cap Vert,1,0,0.07611332337577295,53.0,53
Reinsman Hanover,1,0,0.07611784532158214,7.0,7
Power Jet,1,0,0.07611193938331683,40.0,40
Cumulus,1,0,0.07620336993803674,10.0,10
Hallsta Lotus* (SE),1,0,0.07603921788930902,27.0,27
Light Kronos,1,0,0.07603614569603465,23.0,23
Royal Boshoeve,1,0,0.07455191073938279,4.0,4
Carmody Lobell,1,0,0.07606597932747877,75.0,75
Odins Kjempe,1,0,0.0745785691479522,1.0,1
Golden Shogun,1,0,0.07457612885979502,50.0,50
Elkhorn Creek,1,0,0.0759395186097386,56.0,56
Supergill* (US),1,0,0.07457118242340074,30.0,30
Orgoglio,1,0,0.07598888702381588,121.0,121
Red Xing* (US),1,0,0.07442384671218773,194.0,194
Tag Wood,1,0,0.07608019483767098,7.0,7
C.R.Excalibur,1,0,0.07608912304400202,22.0,22
Krusse,1,0,0.07606760884115112,8.0,8
Jennyn Mörkö,1,0,0.07422474961282984,30.0,30
Uno di Jesolo,1,0,0.07620573069574611,51.0,51
Global Manhattan,1,0,0.07425280883673803,2.0,2
Natisk,1,0,0.07620731887059266,34.0,34
Vodka No Fruit,1,0,0.0761717147632715,13.0,13
First Wise As,1,0,0.07426692350790778,82.0,82
Åsaelden,1,0,0.07420308974028023,69.0,69
Three July,1,0,0.07598570858032014,3.0,3
Soleil du Fosse,1,0,0.07599167449518837,2.0,2
E L Titan,1,0,0.07660844421241696,5.0,5
